Workbook
Name lst_Acao: LISTAS!$AP$2:$AP$32
Name lst_Analistas: LISTAS!$BB$2:$BB$24
Name lst_Apolices: APOLICES!$A$2:$A$31
Name lst_CanalBR: LISTAS!$U$2:$U$25
Name lst_CanalVizinho: LISTAS!$V$2:$V$25
Name lst_CategMerc: LISTAS!$AZ$2:$AZ$31
Name lst_CausaRecusa: LISTAS!$AV$2:$AV$28
Name lst_Checklists: CHECKLISTS!$A$2:$A$401
Name lst_Clientes: CLIENTES!$B$2:$B$101
Name lst_CNHCat: LISTAS!$AD$2:$AD$24
Name lst_Comunicacao: LISTAS!$G$2:$G$26
Name lst_Criticidade: LISTAS!$Y$2:$Y$25
Name lst_DocAverb: LISTAS!$R$2:$R$26
Name lst_DocViagem: LISTAS!$AC$2:$AC$24
Name lst_Entidade: LISTAS!$J$2:$J$24
Name lst_Fabricante: LISTAS!$E$2:$E$29
Name lst_Fonte: LISTAS!$AY$2:$AY$29
Name lst_FuncaoRastr: LISTAS!$F$2:$F$28
Name lst_GR: LISTAS!$AG$2:$AG$31
Name lst_Macro: LISTAS!$AX$2:$AX$32
Name lst_MeioContato: LISTAS!$AA$2:$AA$25
Name lst_Moeda: LISTAS!$L$2:$L$23
Name lst_Motoristas: MOTORISTAS!$A$2:$A$401
Name lst_NC_PGR: LISTAS!$AR$2:$AR$34
Name lst_Pais: LISTAS!$T$2:$T$28
Name lst_Permissoes: LISTAS!$P$2:$P$23
Name lst_Placas: VEICULOS!$A$2:$A$401
Name lst_PostoFronteira: LISTAS!$AM$2:$AM$38
Name lst_Ramo: LISTAS!$AS$2:$AS$30
Name lst_Recinto: LISTAS!$X$2:$X$25
Name lst_ResItem: LISTAS!$N$2:$N$26
Name lst_ResultConsulta: LISTAS!$AF$2:$AF$30
Name lst_Seguradora: LISTAS!$AH$2:$AH$23
Name lst_SenhaValidada: LISTAS!$Z$2:$Z$25
Name lst_Sentido: LISTAS!$W$2:$W$25
Name lst_SituacaoVeic: LISTAS!$AB$2:$AB$26
Name lst_SMPs: SMP!$A$2:$A$401
Name lst_SN: LISTAS!$A$2:$A$25
Name lst_StatusAverb: LISTAS!$AK$2:$AK$30
Name lst_StatusEquip: LISTAS!$H$2:$H$27
Name lst_StatusEsp: LISTAS!$AJ$2:$AJ$28
Name lst_StatusFront: LISTAS!$AN$2:$AN$32
Name lst_StatusOcorr: LISTAS!$AQ$2:$AQ$28
Name lst_StatusOS: LISTAS!$BA$2:$BA$24
Name lst_StatusSinistro: LISTAS!$AU$2:$AU$27
Name lst_StatusSMP: LISTAS!$AI$2:$AI$31
Name lst_StatusViagem: LISTAS!$AL$2:$AL$44
Name lst_TipoAlvo: LISTAS!$I$2:$I$25
Name lst_TipoChecklist: LISTAS!$M$2:$M$26
Name lst_TipoDestinoEsp: LISTAS!$O$2:$O$27
Name lst_TipoEvento: LISTAS!$AO$2:$AO$48
Name lst_TipoPonto: LISTAS!$AE$2:$AE$26
Name lst_TipoProf: LISTAS!$K$2:$K$24
Name lst_TipoRegistro: LISTAS!$AW$2:$AW$26
Name lst_TipoSinistro: LISTAS!$AT$2:$AT$31
Name lst_TipoUnidade: LISTAS!$C$2:$C$24
Name lst_TipoVeiculo: LISTAS!$D$2:$D$30
Name lst_ViaAverb: LISTAS!$S$2:$S$25
Name lst_Viagens: FOLLOWUP!$A$2:$A$401
Name lst_Vigencia: LISTAS!$Q$2:$Q$23

Sheet LEIA_ME
A1: MEGA PLANILHA DE CONTROLE GR - RIGABRAS
A2: Gerado em 25/09/2026. Compatível com Excel 2007 ou superior. Todos os dados de exemplo são FICTÍCIOS (inclusive nomes de gerenciadora de risco e seguradora, marcados como 'A DEFINIR') - substitua pelos dados reais assim que confirmados. COMO USAR NO DIA A DIA (rotina sugerida): D-1 (véspera da viagem): cadastrar a viagem em FOLLOWUP (placa, carreta, motorista, cliente, carga, rota, data de carregamento); conferir MOTORISTAS e CONSULTAS (GR e seguradora); abrir/atualizar CHECKLISTS; solicitar e confirmar ESPELHAMENTOS. D0 (dia do carregamento): registrar carregamento real em FOLLOWUP; abrir a SMP; confirmar averbação em AVERBACOES; conferir a coluna 'APTO A SAIR' antes de liberar a viagem. Em viagem: atualizar Status em FOLLOWUP a cada mudança relevante; lançar POSICOES/macros conforme chegam do rastreamento; abrir OCORRENCIAS para qualquer alerta; preencher FRONTEIRA ao chegar/sair da fronteira. Fim de viagem: registrar chegada e descarga; encerrar SMP e ESPELHAMENTOS; se houver sinistro, abrir em SINISTROS vinculado à OCORRENCIA. ONDE DIGITAR X ONDE NÃO DIGITAR: Colunas com fundo cinza-claro (#F2F2F2) na aba FOLLOWUP e nas demais tabelas são FÓRMULAS - não digite nelas, apenas leia o resultado. As demais colunas (fundo branco) são de preenchimento manual. Sempre que possível, use as listas suspensas (setas ao lado da célula) em vez de digitar livremente, para manter o vocabulário controlado que alimenta o bot. CORES (formatação condicional): Vermelho = pendência/vencido/crítico. Laranja = atenção/perto de vencer. Amarelo = aviso leve. Verde = OK/aprovado/vigente. Roxo = exceção que requer aprovação especial (ex.: carga acima do LMG sem aprovação da seguradora). Cinza = linha desatualizada. ABAS DA PLANILHA: FOLLOWUP é a aba principal (uma linha por viagem) e a principal fonte de dados para o bot. PAINEL traz os indicadores consolidados. PERFIL_EMPRESA reúne o que se sabe sobre a Rigabras, com fontes. DICIONARIO_BOT e FAQ_BOT documentam, para quem for integrar o bot, o significado de cada coluna e modelos de resposta para as perguntas mais comuns. As demais abas são cadastros de apoio (motoristas, veículos, rastreadores) ou tabelas transacionais (checklists, SMP, averbações, ocorrências, sinistros, fronteira, posições). PARAMETROS reúne os prazos e limites usados pelas fórmulas (validade de consulta, antecedência de SMP e espelhamento, limites de alerta de sinal e fronteira etc.) - ajuste-os ali, sem precisar mexer nas fórmulas. LISTAS guarda as listas suspensas usadas em toda a planilha. LIMITAÇÕES DESTA VERSÃO (documentadas para o analista revisar): - Os valores de PGR_REGRAS e APOLICES são EXEMPLOS de mercado, não confirmados para a Rigabras. - Os nomes de GR e seguradora aparecem como 'A DEFINIR' - a pesquisa pública não encontrou essa informação. - A aba DADOS_RESTRITOS (dados pessoais sensíveis: CPF, RG, passaporte etc.) foi propositalmente OMITIDA desta primeira versão por tratar-se de dado sensível (LGPD); se for necessária, crie-a separadamente, oculta e protegida por senha, e NUNCA a exponha ao bot. - Verifique periodicamente (recálculo completo do Excel: Fórmulas > Calcular Agora, ou F9) se todas as fórmulas atualizaram - datas como HOJE() e AGORA() mudam a cada abertura do arquivo.

Sheet PAINEL
A1: PAINEL GR - RIGABRAS
A2: Atualizado em | B2: =NOW() -> 46290.817
A3: Mês de referência | B3: =P_MES_REF -> 46266
A5: Operação agora
A6: Veículos em viagem | B6: =COUNTIF(FOLLOWUP!$BO$2:$BO$2000,"Sim") -> 1
A7: Em fronteira | B7: =COUNTIF(FOLLOWUP!$BP$2:$BP$2000,"Sim") -> 1
A8: Retidos (status 14) | B8: =COUNTIF(FOLLOWUP!$BM$2:$BM$2000,14) -> 0
A9: Carregaram hoje | B9: =COUNTIFS(FOLLOWUP!$AP$2:$AP$2000,">="&TODAY(),FOLLOWUP!$AP$2:$AP$2000,"<"&(TODAY()+1)) -> 1
A10: Chegaram hoje | B10: =COUNTIFS(FOLLOWUP!$BR$2:$BR$2000,">="&TODAY(),FOLLOWUP!$BR$2:$BR$2000,"<"&(TODAY()+1)) -> 0
A11: Programadas p/ amanhã | B11: =COUNTIFS(FOLLOWUP!$AO$2:$AO$2000,TODAY()+1) -> 1
A12: BLOQUEADAS com status 06-07 | B12: =COUNTIFS(FOLLOWUP!$CD$2:$CD$2000,"BLOQUEADO",FOLLOWUP!$BM$2:$BM$2000,">=6",FOLLOWUP!$BM$2:$BM$2000,"<=7") -> 1
A13: Saídas irregulares (meta 0) | B13: =COUNTIF(FOLLOWUP!$CH$2:$CH$2000,"Sim") -> 0
A14: Sem sinal > 1h | B14: =COUNTIFS(FOLLOWUP!$BW$2:$BW$2000,">="&P_SINAL_ALERTA) -> 3
A15: Sem sinal > 4h | B15: =COUNTIFS(FOLLOWUP!$BW$2:$BW$2000,">="&P_SINAL_CRIT) -> 3
A16: Ocorrências abertas | B16: =COUNTIF(OCORRENCIAS!$Z$2:$Z$2000,"Sim") -> 1
A17: Ocorrências críticas abertas | B17: =COUNTIFS(OCORRENCIAS!$Z$2:$Z$2000,"Sim",OCORRENCIAS!$G$2:$G$2000,"Crítica") -> 0
A18: Linhas desatualizadas | B18: =COUNTIF(FOLLOWUP!$CP$2:$CP$2000,"Sim") -> 2
A20: Cadastro
A21: Motoristas ativos | B21: =COUNTIF(MOTORISTAS!$AB$2:$AB$2000,"Sim") -> 5
A22: % com GR e seguradora válidas | B22: =IFERROR(COUNTIFS(MOTORISTAS!$AB$2:$AB$2000,"Sim",MOTORISTAS!$W$2:$W$2000,"Sim",MOTORISTAS!$X$2:$X$2000,"Sim")/COUNTIF(MOTORISTAS!$AB$2:$AB$2000,"Sim"),0) -> 0.6
A23: Motoristas inaptos ativos | B23: =COUNTIFS(MOTORISTAS!$AA$2:$AA$2000,"Inapto",MOTORISTAS!$AB$2:$AB$2000,"Sim") -> 2
A24: Consultas a vencer (<=15 dias) | B24: =COUNTIF(CONSULTAS!$R$2:$R$2000,"A vencer") -> 1
A25: % perfis divergentes/insuficientes | B25: =IFERROR((COUNTIF(CONSULTAS!$M$2:$M$2000,"Divergente")+COUNTIF(CONSULTAS!$M$2:$M$2000,"Insuficiente"))/COUNTA(CONSULTAS!$A$2:$A$2000),0) -> 0
A26: Apólices vigentes | B26: =COUNTIF(APOLICES!$I$2:$I$31,"Vigente") -> 4
A27: Apólices a vencer | B27: =COUNTIF(APOLICES!$I$2:$I$31,"A vencer") -> 1
A28: Apólices vencidas | B28: =COUNTIF(APOLICES!$I$2:$I$31,"Vencida") -> 0
A30: Conformidade no mês (Vm = viagens carregadas no mês de referência)
A31: Vm - viagens carregadas no mês | B31: =COUNTIFS(FOLLOWUP!$AP$2:$AP$2000,">="&$B$3,FOLLOWUP!$AP$2:$AP$2000,"<"&DATE(YEAR($B$3),MONTH($B$3)+1,1)) -> 4
A32: % APTO na saída | B32: =IFERROR(COUNTIFS(FOLLOWUP!$CD$2:$CD$2000,"APTO",FOLLOWUP!$AP$2:$AP$2000,">="&$B$3,FOLLOWUP!$AP$2:$AP$2000,"<"&DATE(YEAR($B$3),MONTH($B$3)+1,1))/$B$31,0) -> 0.5
A33: % SMP liberada antes da saída | B33: =IFERROR(COUNTIFS(SMP!$X$2:$X$2000,"Sim",SMP!$G$2:$G$2000,">="&$B$3)/$B$31,0) -> 0.75
A34: Tempo médio de liberação SMP (min) | B34: =IFERROR(AVERAGEIFS(SMP!$W$2:$W$2000,SMP!$G$2:$G$2000,">="&$B$3),0) -> 28
A35: % checklist válido no carregamento | B35: =IFERROR(COUNTIFS(FOLLOWUP!$AZ$2:$AZ$2000,"Sim",FOLLOWUP!$AP$2:$AP$2000,">="&$B$3,FOLLOWUP!$AP$2:$AP$2000,"<"&DATE(YEAR($B$3),MONTH($B$3)+1,1))/$B$31,0) -> 0.75
A36: % averbados antes da saída | B36: =IFERROR(COUNTIFS(AVERBACOES!$R$2:$R$2000,"Sim",AVERBACOES!$M$2:$M$2000,">="&$B$3)/COUNTIFS(AVERBACOES!$M$2:$M$2000,">="&$B$3),0) -> 1
A38: Monitoramento (mês)
A39: Ocorrências no mês | B39: =COUNTIFS(OCORRENCIAS!$E$2:$E$2000,">="&$B$3) -> 1
A40: Tempo médio até 1º contato (min) | B40: =IFERROR(AVERAGEIFS(OCORRENCIAS!$X$2:$X$2000,OCORRENCIAS!$E$2:$E$2000,">="&$B$3),0) -> 5
A41: % falsos positivos | B41: =IFERROR(COUNTIFS(OCORRENCIAS!$S$2:$S$2000,"Encerrada-Falso positivo",OCORRENCIAS!$E$2:$E$2000,">="&$B$3)/MAX(COUNTIFS(OCORRENCIAS!$E$2:$E$2000,">="&$B$3),1),0) -> 0
A42: Perdas de sinal no mês | B42: =COUNTIFS(OCORRENCIAS!$F$2:$F$2000,"Perda de sinal",OCORRENCIAS!$E$2:$E$2000,">="&$B$3) -> 0
A43: NC de PGR no mês | B43: =COUNTIFS(OCORRENCIAS!$U$2:$U$2000,"Sim",OCORRENCIAS!$E$2:$E$2000,">="&$B$3) -> 0
A45: Fronteira e sinistros
A46: Tempo médio na fronteira (h) | B46: =IFERROR(AVERAGEIFS(FRONTEIRA!$Y$2:$Y$2000,FRONTEIRA!$AA$2:$AA$2000,"Não"),0) -> 4
A47: % canal verde BR | B47: =IFERROR(COUNTIF(FRONTEIRA!$L$2:$L$2000,"Verde")/MAX(COUNTA(FRONTEIRA!$L$2:$L$2000),1),0) -> 1
A48: Retenções | B48: =COUNTIF(FRONTEIRA!$S$2:$S$2000,"Retido") -> 0
A49: Custo de espera acumulado (R$) | B49: =SUM(FRONTEIRA!$Z$2:$Z$2000) -> 5475
A50: Sinistros no ano | B50: =COUNTIFS(SINISTROS!$E$2:$E$101,">="&DATE(YEAR(TODAY()),1,1)) -> 0
A51: Severidade (R$) | B51: =SUM(SINISTROS!$L$2:$L$101) -> 0
A53: Veículos por status
A54: 01 Programada | B54: =COUNTIF(FOLLOWUP!$BL$2:$BL$2000,A54) -> 0
A55: 02 Aguardando liberação GR | B55: =COUNTIF(FOLLOWUP!$BL$2:$BL$2000,A55) -> 1
A56: 03 Deslocamento p/ coleta | B56: =COUNTIF(FOLLOWUP!$BL$2:$BL$2000,A56) -> 0
A57: 04 Aguardando carregamento | B57: =COUNTIF(FOLLOWUP!$BL$2:$BL$2000,A57) -> 0
A58: 05 Carregando | B58: =COUNTIF(FOLLOWUP!$BL$2:$BL$2000,A58) -> 0
A59: 06 Carregado - aguardando docs/SMP | B59: =COUNTIF(FOLLOWUP!$BL$2:$BL$2000,A59) -> 1
A60: 07 Liberado p/ viagem | B60: =COUNTIF(FOLLOWUP!$BL$2:$BL$2000,A60) -> 0
A61: 08 Em viagem | B61: =COUNTIF(FOLLOWUP!$BL$2:$BL$2000,A61) -> 0
A62: 09 Parada autorizada | B62: =COUNTIF(FOLLOWUP!$BL$2:$BL$2000,A62) -> 0
A63: 10 Parada não programada | B63: =COUNTIF(FOLLOWUP!$BL$2:$BL$2000,A63) -> 0
A64: 11 Pernoite | B64: =COUNTIF(FOLLOWUP!$BL$2:$BL$2000,A64) -> 0
A65: 12 Fronteira - fila | B65: =COUNTIF(FOLLOWUP!$BL$2:$BL$2000,A65) -> 0
... A76: 23 Em manutenção | B76: =COUNTIF(FOLLOWUP!$BL$2:$BL$2000,A76) -> 0

Sheet FOLLOWUP
A1: ID_VIAGEM | B1: Data abertura | C1: ★Placa | D1: Placa carreta 1 | E1: Placa carreta 2 | F1: ★Tipo de veículo | G1: Vínculo veículo | H1: ID motorista | I1: ★Nome do motorista | J1: Motorista operando | K1: ID motorista 2 | L1: Nome motorista 2 | M1: Status geral motorista | N1: ★Motorista validado GR | O1: Nº liberação GR | P1: Validade consulta GR | Q1: ★Motorista validado seguradora | R1: Nº liberação seguradora | S1: Validade consulta seguradora | T1: Valor máx. perfil motorista (R$) | U1: Motorista 2 validado (GR e seguradora) | V1: Veículo validado GR | W1: Cliente/embarcador | X1: Mercadoria | Y1: Categoria PGR | Z1: Valor da carga | AA1: Moeda | AB1: Valor da carga (R$) | AC1: Faixa PGR (oculta) | AD1: Faixa PGR | AE1: Exigências PGR | AF1: Isca exigida | AG1: Escolta exigida (qtd) | AH1: Acima do LMG | AI1: Origem | AJ1: Destino | AK1: País destino | AL1: Países trânsito | AM1: Posto de fronteira | AN1: Rota homologada | AO1: ★Data de carregamento | AP1: Data/hora carregamento real | AQ1: Início viagem (macro início) | AR1: ★Tipo de rastreador | AS1: ★Número do rastreador | AT1: Rastreador redundante/isca | AU1: Cobertura exterior rastreador | AV1: ★Está espelhado | AW1: Qtde destinos espelhados | AX1: Espelhado GR transportadora | AY1: Antecedência espelhamento (h) | AZ1: ★Checklist feito | BA1: Validade checklist | BB1: ★SMP feita | BC1: Nº SMP | BD1: Status SMP | BE1: GR responsável | BF1: ★Averbado | BG1: Nº averbação | BH1: CRT nº | BI1: MIC/DTA nº | BJ1: CT-e/MDF-e nacional | BK1: Docs internacionais OK | BL1: ★Status | BM1: Cód. status (oculta) | BN1: ★Veículo carregou | BO1: ★Veículo em viagem | BP1: ★Veículo em fronteira | BQ1: ★Veículo chegou | BR1: Data/hora chegada destino | BS1: Descarregou | BT1: ★Localização atual | BU1: Última posição cidade/UF/país | BV1: Última posição data/hora (oculta) | BW1: Horas sem sinal | BX1: Situação sinal | BY1: ETA fronteira | BZ1: ETA destino | CA1: Horas na fronteira (em curso) | CB1: Canal BR | CC1: Ocorrência aberta | CD1: APTO A SAIR | CE1: Liberação especial seguradora (acima LMG) | CF1: Pendências (oculta) | CG1: Pendências | CH1: Saída irregular | CI1: Viagem vigente da placa | CJ1: Resumo bot | CK1: Próximo passo | CL1: Responsável | CM1: Observação para o bot | CN1: Última atualização | CO1: Atualizado por | CP1: Desatualizado
A2: RGB-2026-0405 | B2: 46277.375 | C2: IYB5C34 | D2: IRS6F72 | F2: =IF(C2="","",IFERROR(INDEX(VEICULOS!$C:$C,MATCH(C2,VEICULOS!$A:$A,0)),"?")&IF(D2="",""," + "&IFERROR(INDEX(VEICULOS!$C:$C,MATCH(D2,VEICULOS!$A:$A,0)),"?"))&IF(E2="",""," + "&IFERROR(INDEX(VEICULOS!$C:$C,MATCH(E2,VEICULOS!$A:$A,0)),"?"))) -> Cavalo 6x4 + Carreta Sider 15,45m (107m3) | G2: =IF(C2="","",IFERROR(INDEX(VEICULOS!$I:$I,MATCH(C2,VEICULOS!$A:$A,0)),"Não cadastrado")) -> Frota própria (CLT) | H2: MOT-005 | I2: =IF(H2="","",IFERROR(INDEX(MOTORISTAS!$B:$B,MATCH(H2,MOTORISTAS!$A:$A,0)),"Não cadastrado")) -> Sérgio Pinto Machado | J2: Sim | L2: =IF(K2="","",IFERROR(INDEX(MOTORISTAS!$B:$B,MATCH(K2,MOTORISTAS!$A:$A,0)),"Não cadastrado")) | M2: =IF(H2="","",IFERROR(INDEX(MOTORISTAS!$AA:$AA,MATCH(H2,MOTORISTAS!$A:$A,0)),"Não cadastrado")) -> Apto | N2: =IF(H2="","",IF(COUNTIFS(CONSULTAS!$C$2:$C$2000,H2,CONSULTAS!$E$2:$E$2000,"GR",CONSULTAS!$S$2:$S$2000,"Sim")>0,"Sim","Não")) -> Sim | O2: =IF(H2="","",IFERROR(INDEX(CONSULTAS!$L:$L,MATCH(H2&"#GR",CONSULTAS!$T:$T,0)),"—")) -> LIB-551004 | P2: =IF(H2="","",IFERROR(INDEX(CONSULTAS!$Q:$Q,MATCH(H2&"#GR",CONSULTAS!$T:$T,0)),"")) -> 46402 | Q2: =IF(H2="","",IF(COUNTIFS(CONSULTAS!$C$2:$C$2000,H2,CONSULTAS!$E$2:$E$2000,"Seguradora",CONSULTAS!$S$2:$S$2000,"Sim")>0,"Sim","Não")) -> Sim | R2: =IF(H2="","",IFERROR(INDEX(CONSULTAS!$L:$L,MATCH(H2&"#Seguradora",CONSULTAS!$T:$T,0)),"—")) -> SEG-98870 | S2: =IF(H2="","",IFERROR(INDEX(CONSULTAS!$Q:$Q,MATCH(H2&"#Seguradora",CONSULTAS!$T:$T,0)),"")) -> 46402 | T2: =IF(H2="","",IFERROR(INDEX(CONSULTAS!$N:$N,MATCH(H2&"#GR",CONSULTAS!$T:$T,0)),"")) -> 1500000 | U2: =IF(K2="","N/A",IF(AND(COUNTIFS(CONSULTAS!$C$2:$C$2000,K2,CONSULTAS!$E$2:$E$2000,"GR",CONSULTAS!$S$2:$S$2000,"Sim")>0,COUNTIFS(CONSULTAS!$C$2:$C$2000,K2,CONSULTAS!$E$2:$E$2000,"Seguradora",CONSULTAS!$S$2:$S$2000,"Sim")>0),"Sim","Não")) -> N/A | V2: =IF(C2="","",IFERROR(INDEX(VEICULOS!$X:$X,MATCH(C2,VEICULOS!$A:$A,0)),"Não")) -> Sim | W2: Cliente Exemplo CL | X2: Máquinas agrícolas - peças | Y2: Carga seca geral | Z2: 610000 | AA2: BRL | AB2: =IF(Z2="","",IF(AA2="USD",Z2*P_TAXA_USD,Z2)) -> 610000 | AC2: =IF(OR(Y2="",AB2=""),0,SUMPRODUCT((PGR_REGRAS!$C$2:$C$61=Y2)*(PGR_REGRAS!$D$2:$D$61<=AB2)*(PGR_REGRAS!$E$2:$E$61>=AB2)*(PGR_REGRAS!$C$2:$C$61<>"")*ROW(PGR_REGRAS!$C$2:$C$61))) -> 3 | AD2: =IF(AC2=0,IF(Y2="","","Sem regra - consultar seguradora"),INDEX(PGR_REGRAS!$A:$A,AC2)) -> PGR-02 | AE2: =IF(AC2=0,"",INDEX(PGR_REGRAS!$T:$T,AC2)) -> Cadastro + rastreador 24h + espelhamento 2h antes; proibido terceiro (exemplo) | AF2: =IF(AC2=0,"",INDEX(PGR_REGRAS!$I:$I,AC2)) -> Não | AG2: =IF(AC2=0,"",INDEX(PGR_REGRAS!$K:$K,AC2)) -> 0 | AH2: =IF(AB2="","",IF(AB2>P_LMG_REF,"Sim","Não")) -> Não | AI2: Uruguaiana/RS/BR | AJ2: Santiago | AK2: CL | AL2: AR | AM2: Uruguaiana-Paso de los Libres | AN2: Sim | AO2: 46279 | AP2: 46279.25 | AQ2: 46279.333 | AR2: =IF(C2="","",IFERROR(INDEX(RASTREADORES!$F:$F,MATCH(C2&"#Principal",RASTREADORES!$Y:$Y,0))&" ("&INDEX(RASTREADORES!$G:$G,MATCH(C2&"#Principal",RASTREADORES!$Y:$Y,0))&")","Sem rastreador principal")) -> Autotrac PRIME (Híbrido (satélite+4G)) | AS2: =IF(C2="","",IFERROR(INDEX(RASTREADORES!$H:$H,MATCH(C2&"#Principal",RASTREADORES!$Y:$Y,0)),"—")) -> 7714410 | AT2: =IF(C2="","",IFERROR(INDEX(RASTREADORES!$A:$A,MATCH(C2&"#Redundante",RASTREADORES!$Y:$Y,0)),IFERROR(INDEX(RASTREADORES!$A:$A,MATCH(C2&"#Isca retornável",RASTREADORES!$Y:$Y,0)),IFERROR(INDEX(RASTREADORES!$A:$A,MATCH(C2&"#Isca descartável",RASTREADORES!$Y:$Y,0)),"Nenhum")))) -> Nenhum | AU2: =IF(C2="","",IFERROR(INDEX(RASTREADORES!$L:$L,MATCH(C2&"#Principal",RASTREADORES!$Y:$Y,0)),"")) -> A confirmar | AV2: =IF(C2="","",IF(COUNTIFS(ESPELHAMENTOS!$B$2:$B$2000,C2,ESPELHAMENTOS!$O$2:$O$2000,"Sim")>0,"Sim","Não")) -> Não | AW2: =IF(C2="","",COUNTIFS(ESPELHAMENTOS!$B$2:$B$2000,C2,ESPELHAMENTOS!$O$2:$O$2000,"Sim")) -> 0 | AX2: =IF(C2="","",IF(COUNTIFS(ESPELHAMENTOS!$B$2:$B$2000,C2,ESPELHAMENTOS!$O$2:$O$2000,"Sim",ESPELHAMENTOS!$E$2:$E$2000,"GR transportadora")>0,"Sim","Não")) -> Não | AY2: =IF(OR(AQ2="",C2=""),"",IFERROR(ROUND((AQ2-SUMPRODUCT(MIN((ESPELHAMENTOS!$C$2:$C$2000=A2)*ESPELHAMENTOS!$H$2:$H$2000+(ESPELHAMENTOS!$C$2:$C$2000<>A2)*99999)))*24,1),"")) -> 3 | AZ2: =IF(C2="","",IF(COUNTIFS(CHECKLISTS!$B$2:$B$2000,C2,CHECKLISTS!$AH$2:$AH$2000,"Válido",CHECKLISTS!$AG$2:$AG$2000,">="&INT(IF(AO2="",TODAY(),AO2)))+COUNTIFS(CHECKLISTS!$B$2:$B$2000,C2,CHECKLISTS!$AH$2:$AH$2000,"Vence <=7d",CHECKLISTS!$AG$2:$AG$2000,">="&INT(IF(AO2="",TODAY(),AO2)))>0,"Sim","Não")) -> Sim | BA2: =IF(C2="","",IF(COUNTIFS(CHECKLISTS!$B$2:$B$2000,C2,CHECKLISTS!$AF$2:$AF$2000,"Aprovado")=0,"",SUMPRODUCT(MAX((CHECKLISTS!$B$2:$B$2000=C2)*CHECKLISTS!$AG$2:$AG$2000)))) | BB2: =IF(A2="","",IF(COUNTIFS(SMP!$B$2:$B$2000,A2,SMP!$I$2:$I$2000,"Liberada")+COUNTIFS(SMP!$B$2:$B$2000,A2,SMP!$I$2:$I$2000,"Em andamento")+COUNTIFS(SMP!$B$2:$B$2000,A2,SMP!$I$2:$I$2000,"Finalizada")>0,"Sim","Não")) -> Sim | BC2: =IF(A2="","",IFERROR(INDEX(SMP!$A:$A,MATCH(A2,SMP!$B:$B,0)),"—")) -> SMP-88210 | BD2: =IF(A2="","",IFERROR(INDEX(SMP!$I:$I,MATCH(A2,SMP!$B:$B,0)),"Não aberta")) -> Finalizada | BE2: =IF(A2="","",IFERROR(INDEX(SMP!$D:$D,MATCH(A2,SMP!$B:$B,0)),"")) -> A DEFINIR | BF2: =IF(A2="","",IF(COUNTIFS(AVERBACOES!$B$2:$B$2000,A2,AVERBACOES!$Q$2:$Q$2000,"Averbado completo")+COUNTIFS(AVERBACOES!$B$2:$B$2000,A2,AVERBACOES!$Q$2:$Q$2000,"Averbado CRT")+COUNTIFS(AVERBACOES!$B$2:$B$2000,A2,AVERBACOES!$Q$2:$Q$2000,"Averbado CT-e")+COUNTIFS(AVERBACOES!$B$2:$B$2000,A2,AVERBACOES!$Q$2:$Q$2000,"Averbado MDF-e")+COUNTIFS(AVERBACOES!$B$2:$B$2000,A2,AVERBACOES!$Q$2:$Q$2000,"Averbado pelo embarcador")>0,"Sim","Não")) -> Sim | BG2: =IF(A2="","",IFERROR(INDEX(AVERBACOES!$L:$L,MATCH(A2,AVERBACOES!$B:$B,0)),"—")) -> AV-2026-004401 | BH2: BR.1234.00440 | BI2: 2026BR000701 | BK2: Sim | BL2: 20 Finalizado | BM2: =IF(BL2="",0,VALUE(LEFT(BL2,2))) -> 20 | BN2: =IF(A2="","",IF(AP2<>"","Sim","Não")) -> Sim | BO2: =IF(A2="","",IF(OR(BM2=8,BM2=9,BM2=10,BM2=11,BM2=15),"Sim","Não")) -> Não | BP2: =IF(A2="","",IF(AND(BM2>=12,BM2<=14),"Sim","Não")) -> Não | BQ2: =IF(A2="","",IF(OR(AND(BM2>=16,BM2<=20),BR2<>""),"Sim","Não")) -> Sim | BR2: 46283.625 | BS2: =IF(A2="","",IF(OR(BM2=18,BM2=19,BM2=20),"Sim","Não")) -> Sim | BT2: =IF(C2="","",IF(BV2=0,"Sem posição registrada",IFERROR(INDEX(POSICOES!$E:$E,MATCH(C2&"#"&ROUND(BV2*1440,0),POSICOES!$R:$R,0)),"?"))) -> Depósito destino - Rosario | BU2: =IF(OR(C2="",BV2=0),"",IFERROR(INDEX(POSICOES!$F:$F,MATCH(C2&"#"&ROUND(BV2*1440,0),POSICOES!$R:$R,0))&"/"&INDEX(POSICOES!$G:$G,MATCH(C2&"#"&ROUND(BV2*1440,0),POSICOES!$R:$R,0))&" - "&INDEX(POSICOES!$H:$H,MATCH(C2&"#"&ROUND(BV2*1440,0),POSICOES!$R:$R,0)),"")) -> Rosario/Santa Fe - AR | BV2: =IF(C2="",0,SUMPRODUCT(MAX((POSICOES!$C$2:$C$3000=C2)*POSICOES!$B$2:$B$3000))) -> 46290.333 | BW2: =IF(OR(BV2=0,BM2=0,BM2>=20),"",ROUND((NOW()-BV2)*24,1)) | BX2: =IF(BW2="","",IF(BW2<P_SINAL_ALERTA,"Online",IF(BW2<P_SINAL_CRIT,"Sem sinal 1-4h","Sem sinal >4h"))) | CA2: =IF(A2="","",IF(COUNTIFS(FRONTEIRA!$B$2:$B$2000,A2,FRONTEIRA!$AA$2:$AA$2000,"Sim")=0,"",ROUND(SUMIFS(FRONTEIRA!$Y$2:$Y$2000,FRONTEIRA!$B$2:$B$2000,A2,FRONTEIRA!$AA$2:$AA$2000,"Sim"),1))) | CB2: =IF(A2="","",IFERROR(INDEX(FRONTEIRA!$L:$L,MATCH(A2,FRONTEIRA!$B:$B,0)),"")) | CC2: =IF(A2="","",IF(COUNTIFS(OCORRENCIAS!$B$2:$B$2000,A2,OCORRENCIAS!$Z$2:$Z$2000,"Sim")>0,"Sim","Não")) -> Não | CD2: =IF(A2="","",IF(AND(N2="Sim",Q2="Sim",OR(U2="Sim",U2="N/A"),V2="Sim",M2<>"Inapto",AZ2="Sim",AV2="Sim",BB2="Sim",BF2="Sim",OR(BK2="Sim",BK2="N/A"),OR(T2="",AB2="",AB2<=T2),OR(AH2<>"Sim",CE2="Sim")),"APTO","BLOQUEADO")) -> BLOQUEADO | CF2: =IF(N2<>"Sim","Motorista GR; ","")&IF(Q2<>"Sim","Motorista seguradora; ","")&IF(U2="Não","Motorista 2; ","")&IF(V2<>"Sim","Veículo GR; ","")&IF(M2="Inapto","Documentos do motorista; ","")&IF(AZ2<>"Sim","Checklist; ","")&IF(AV2<>"Sim","Espelhamento; ","")&IF(BB2<>"Sim","SMP; ","")&IF(BF2<>"Sim","Averbação; ","")&IF(BK2="Não","Docs internacionais; ","")&IF(AND(T2<>"",AB2<>"",AB2>T2),"Valor acima do perfil; ","")&IF(AND(AH2="Sim",CE2<>"Sim"),"Acima do LMG sem aprovação; ","") -> Espelhamento; | CG2: =IF(A2="","",IF(CF2="","Nenhuma",LEFT(CF2,LEN(CF2)-2))) -> Espelhamento | CH2: =IF(A2="","",IF(AND(OR(BO2="Sim",BP2="Sim"),CD2="BLOQUEADO"),"Sim","Não")) -> Não | CI2: =IF(OR(C2="",BM2=0,BM2>=20),"Não",IF(B2=SUMPRODUCT(MAX((C$2:C$2000=C2)*(BM$2:BM$2000>0)*(BM$2:BM$2000<20)*B$2:B$2000)),"Sim","Não")) -> Não | CJ2: =IF(A2="","","Viagem "&A2&" - Placa "&C2&" - "&BL2&" - Local: "&BT2&" - Motorista: "&I2&" (GR: "&N2&"; Seguradora: "&Q2&") - Rastreador: "&AR2&" no "&AS2&" - Espelhado: "&AV2&" - Checklist: "&AZ2&" - SMP: "&BB2&" - Averbado: "&BF2&" - Apto: "&CD2&" - Pendencias: "&CG2) -> Viagem RGB-2026-0405 - Placa IYB5C34 - 20 Finalizado - Local: Depósito destino - Rosario - Motorista: Sérgio Pinto Machado (GR: Sim; Seguradora: Sim) - Rastreador: Autotrac PRIME (Híbrido (satélite+4G)) no 7714410 - Espelhado: Não - Checklist: Sim - SMP: Sim - Averbado: Sim - Apto: BLOQUEADO - Pendencias: Espelhamento | CM2: Viagem finalizada sem intercorrências. | CN2: 46287.757 | CO2: Analista GR 1 | CP2: =IF(OR(CN2="",BM2<7,BM2>=20),"",IF((NOW()-CN2)*24>P_ATUALIZ_MAX_H,"Sim","Não"))
A3: RGB-2026-0412 | B3: 46283.417 | C3: IYA3B21 | D3: IRS1B10 | F3: =IF(C3="","",IFERROR(INDEX(VEICULOS!$C:$C,MATCH(C3,VEICULOS!$A:$A,0)),"?")&IF(D3="",""," + "&IFERROR(INDEX(VEICULOS!$C:$C,MATCH(D3,VEICULOS!$A:$A,0)),"?"))&IF(E3="",""," + "&IFERROR(INDEX(VEICULOS!$C:$C,MATCH(E3,VEICULOS!$A:$A,0)),"?"))) -> Cavalo 6x2 + Carreta Sider 15,45m (107m3) | G3: =IF(C3="","",IFERROR(INDEX(VEICULOS!$I:$I,MATCH(C3,VEICULOS!$A:$A,0)),"Não cadastrado")) -> Frota própria (CLT) | H3: MOT-001 | I3: =IF(H3="","",IFERROR(INDEX(MOTORISTAS!$B:$B,MATCH(H3,MOTORISTAS!$A:$A,0)),"Não cadastrado")) -> João Carlos Pereira | J3: Sim | L3: =IF(K3="","",IFERROR(INDEX(MOTORISTAS!$B:$B,MATCH(K3,MOTORISTAS!$A:$A,0)),"Não cadastrado")) | M3: =IF(H3="","",IFERROR(INDEX(MOTORISTAS!$AA:$AA,MATCH(H3,MOTORISTAS!$A:$A,0)),"Não cadastrado")) -> Apto | N3: =IF(H3="","",IF(COUNTIFS(CONSULTAS!$C$2:$C$2000,H3,CONSULTAS!$E$2:$E$2000,"GR",CONSULTAS!$S$2:$S$2000,"Sim")>0,"Sim","Não")) -> Sim | O3: =IF(H3="","",IFERROR(INDEX(CONSULTAS!$L:$L,MATCH(H3&"#GR",CONSULTAS!$T:$T,0)),"—")) -> LIB-558812 | P3: =IF(H3="","",IFERROR(INDEX(CONSULTAS!$Q:$Q,MATCH(H3&"#GR",CONSULTAS!$T:$T,0)),"")) -> 46420 | Q3: =IF(H3="","",IF(COUNTIFS(CONSULTAS!$C$2:$C$2000,H3,CONSULTAS!$E$2:$E$2000,"Seguradora",CONSULTAS!$S$2:$S$2000,"Sim")>0,"Sim","Não")) -> Sim | R3: =IF(H3="","",IFERROR(INDEX(CONSULTAS!$L:$L,MATCH(H3&"#Seguradora",CONSULTAS!$T:$T,0)),"—")) -> SEG-99102 | S3: =IF(H3="","",IFERROR(INDEX(CONSULTAS!$Q:$Q,MATCH(H3&"#Seguradora",CONSULTAS!$T:$T,0)),"")) -> 46420 | T3: =IF(H3="","",IFERROR(INDEX(CONSULTAS!$N:$N,MATCH(H3&"#GR",CONSULTAS!$T:$T,0)),"")) -> 1500000 | U3: =IF(K3="","N/A",IF(AND(COUNTIFS(CONSULTAS!$C$2:$C$2000,K3,CONSULTAS!$E$2:$E$2000,"GR",CONSULTAS!$S$2:$S$2000,"Sim")>0,COUNTIFS(CONSULTAS!$C$2:$C$2000,K3,CONSULTAS!$E$2:$E$2000,"Seguradora",CONSULTAS!$S$2:$S$2000,"Sim")>0),"Sim","Não")) -> N/A | V3: =IF(C3="","",IFERROR(INDEX(VEICULOS!$X:$X,MATCH(C3,VEICULOS!$A:$A,0)),"Não")) -> Sim | W3: Embarcador siderúrgico (exemplo) | X3: Bobinas de aço | Y3: Aço/siderúrgicos | Z3: 820000 | AA3: BRL | AB3: =IF(Z3="","",IF(AA3="USD",Z3*P_TAXA_USD,Z3)) -> 820000 | AC3: =IF(OR(Y3="",AB3=""),0,SUMPRODUCT((PGR_REGRAS!$C$2:$C$61=Y3)*(PGR_REGRAS!$D$2:$D$61<=AB3)*(PGR_REGRAS!$E$2:$E$61>=AB3)*(PGR_REGRAS!$C$2:$C$61<>"")*ROW(PGR_REGRAS!$C$2:$C$61))) -> 5 | AD3: =IF(AC3=0,IF(Y3="","","Sem regra - consultar seguradora"),INDEX(PGR_REGRAS!$A:$A,AC3)) -> PGR-04 | AE3: =IF(AC3=0,"",INDEX(PGR_REGRAS!$T:$T,AC3)) -> Cadastro + rastreador (exemplo) | AF3: =IF(AC3=0,"",INDEX(PGR_REGRAS!$I:$I,AC3)) -> Não | AG3: =IF(AC3=0,"",INDEX(PGR_REGRAS!$K:$K,AC3)) -> 0 | AH3: =IF(AB3="","",IF(AB3>P_LMG_REF,"Sim","Não")) -> Não | AI3: Barra Mansa/RJ/BR | AJ3: Rosario | AK3: AR | AM3: Uruguaiana-Paso de los Libres | AN3: Sim | AO3: 46286 | AP3: 46286.667 | AQ3: 46287.299 | AR3: =IF(C3="","",IFERROR(INDEX(RASTREADORES!$F:$F,MATCH(C3&"#Principal",RASTREADORES!$Y:$Y,0))&" ("&INDEX(RASTREADORES!$G:$G,MATCH(C3&"#Principal",RASTREADORES!$Y:$Y,0))&")","Sem rastreador principal")) -> Autotrac PRIME (Híbrido (satélite+4G)) | AS3: =IF(C3="","",IFERROR(INDEX(RASTREADORES!$H:$H,MATCH(C3&"#Principal",RASTREADORES!$Y:$Y,0)),"—")) -> 7712345 | AT3: =IF(C3="","",IFERROR(INDEX(RASTREADORES!$A:$A,MATCH(C3&"#Redundante",RASTREADORES!$Y:$Y,0)),IFERROR(INDEX(RASTREADORES!$A:$A,MATCH(C3&"#Isca retornável",RASTREADORES!$Y:$Y,0)),IFERROR(INDEX(RASTREADORES!$A:$A,MATCH(C3&"#Isca descartável",RASTREADORES!$Y:$Y,0)),"Nenhum")))) -> EQ-050 | AU3: =IF(C3="","",IFERROR(INDEX(RASTREADORES!$L:$L,MATCH(C3&"#Principal",RASTREADORES!$Y:$Y,0)),"")) -> A confirmar | AV3: =IF(C3="","",IF(COUNTIFS(ESPELHAMENTOS!$B$2:$B$2000,C3,ESPELHAMENTOS!$O$2:$O$2000,"Sim")>0,"Sim","Não")) -> Sim | AW3: =IF(C3="","",COUNTIFS(ESPELHAMENTOS!$B$2:$B$2000,C3,ESPELHAMENTOS!$O$2:$O$2000,"Sim")) -> 2 | AX3: =IF(C3="","",IF(COUNTIFS(ESPELHAMENTOS!$B$2:$B$2000,C3,ESPELHAMENTOS!$O$2:$O$2000,"Sim",ESPELHAMENTOS!$E$2:$E$2000,"GR transportadora")>0,"Sim","Não")) -> Sim | AY3: =IF(OR(AQ3="",C3=""),"",IFERROR(ROUND((AQ3-SUMPRODUCT(MIN((ESPELHAMENTOS!$C$2:$C$2000=A3)*ESPELHAMENTOS!$H$2:$H$2000+(ESPELHAMENTOS!$C$2:$C$2000<>A3)*99999)))*24,1),"")) -> 2.7 | AZ3: =IF(C3="","",IF(COUNTIFS(CHECKLISTS!$B$2:$B$2000,C3,CHECKLISTS!$AH$2:$AH$2000,"Válido",CHECKLISTS!$AG$2:$AG$2000,">="&INT(IF(AO3="",TODAY(),AO3)))+COUNTIFS(CHECKLISTS!$B$2:$B$2000,C3,CHECKLISTS!$AH$2:$AH$2000,"Vence <=7d",CHECKLISTS!$AG$2:$AG$2000,">="&INT(IF(AO3="",TODAY(),AO3)))>0,"Sim","Não")) -> Sim | BA3: =IF(C3="","",IF(COUNTIFS(CHECKLISTS!$B$2:$B$2000,C3,CHECKLISTS!$AF$2:$AF$2000,"Aprovado")=0,"",SUMPRODUCT(MAX((CHECKLISTS!$B$2:$B$2000=C3)*CHECKLISTS!$AG$2:$AG$2000)))) | BB3: =IF(A3="","",IF(COUNTIFS(SMP!$B$2:$B$2000,A3,SMP!$I$2:$I$2000,"Liberada")+COUNTIFS(SMP!$B$2:$B$2000,A3,SMP!$I$2:$I$2000,"Em andamento")+COUNTIFS(SMP!$B$2:$B$2000,A3,SMP!$I$2:$I$2000,"Finalizada")>0,"Sim","Não")) -> Sim | BC3: =IF(A3="","",IFERROR(INDEX(SMP!$A:$A,MATCH(A3,SMP!$B:$B,0)),"—")) -> SMP-88231 | BD3: =IF(A3="","",IFERROR(INDEX(SMP!$I:$I,MATCH(A3,SMP!$B:$B,0)),"Não aberta")) -> Em andamento | BE3: =IF(A3="","",IFERROR(INDEX(SMP!$D:$D,MATCH(A3,SMP!$B:$B,0)),"")) -> A DEFINIR | BF3: =IF(A3="","",IF(COUNTIFS(AVERBACOES!$B$2:$B$2000,A3,AVERBACOES!$Q$2:$Q$2000,"Averbado completo")+COUNTIFS(AVERBACOES!$B$2:$B$2000,A3,AVERBACOES!$Q$2:$Q$2000,"Averbado CRT")+COUNTIFS(AVERBACOES!$B$2:$B$2000,A3,AVERBACOES!$Q$2:$Q$2000,"Averbado CT-e")+COUNTIFS(AVERBACOES!$B$2:$B$2000,A3,AVERBACOES!$Q$2:$Q$2000,"Averbado MDF-e")+COUNTIFS(AVERBACOES!$B$2:$B$2000,A3,AVERBACOES!$Q$2:$Q$2000,"Averbado pelo embarcador")>0,"Sim","Não")) -> Sim | BG3: =IF(A3="","",IFERROR(INDEX(AVERBACOES!$L:$L,MATCH(A3,AVERBACOES!$B:$B,0)),"—")) -> AV-2026-004512 | BH3: BR.1234.00456 | BI3: 2026BR000789 | BK3: Sim | BL3: 13 Fronteira - despacho/parametrização | BM3: =IF(BL3="",0,VALUE(LEFT(BL3,2))) -> 13 | BN3: =IF(A3="","",IF(AP3<>"","Sim","Não")) -> Sim | BO3: =IF(A3="","",IF(OR(BM3=8,BM3=9,BM3=10,BM3=11,BM3=15),"Sim","Não")) -> Não | BP3: =IF(A3="","",IF(AND(BM3>=12,BM3<=14),"Sim","Não")) -> Sim | BQ3: =IF(A3="","",IF(OR(AND(BM3>=16,BM3<=20),BR3<>""),"Sim","Não")) -> Não | BS3: =IF(A3="","",IF(OR(BM3=18,BM3=19,BM3=20),"Sim","Não")) -> Não | BT3: =IF(C3="","",IF(BV3=0,"Sem posição registrada",IFERROR(INDEX(POSICOES!$E:$E,MATCH(C3&"#"&ROUND(BV3*1440,0),POSICOES!$R:$R,0)),"?"))) -> Porto Seco Rodoviário de Uruguaiana - pátio | BU3: =IF(OR(C3="",BV3=0),"",IFERROR(INDEX(POSICOES!$F:$F,MATCH(C3&"#"&ROUND(BV3*1440,0),POSICOES!$R:$R,0))&"/"&INDEX(POSICOES!$G:$G,MATCH(C3&"#"&ROUND(BV3*1440,0),POSICOES!$R:$R,0))&" - "&INDEX(POSICOES!$H:$H,MATCH(C3&"#"&ROUND(BV3*1440,0),POSICOES!$R:$R,0)),"")) -> Uruguaiana/RS - BR | BV3: =IF(C3="",0,SUMPRODUCT(MAX((POSICOES!$C$2:$C$3000=C3)*POSICOES!$B$2:$B$3000))) -> 46290.562 | BW3: =IF(OR(BV3=0,BM3=0,BM3>=20),"",ROUND((NOW()-BV3)*24,1)) -> 6.1 | BX3: =IF(BW3="","",IF(BW3<P_SINAL_ALERTA,"Online",IF(BW3<P_SINAL_CRIT,"Sem sinal 1-4h","Sem sinal >4h"))) -> Sem sinal >4h | BZ3: 46291.833 | CA3: =IF(A3="","",IF(COUNTIFS(FRONTEIRA!$B$2:$B$2000,A3,FRONTEIRA!$AA$2:$AA$2000,"Sim")=0,"",ROUND(SUMIFS(FRONTEIRA!$Y$2:$Y$2000,FRONTEIRA!$B$2:$B$2000,A3,FRONTEIRA!$AA$2:$AA$2000,"Sim"),1))) -> 83.6 | CB3: =IF(A3="","",IFERROR(INDEX(FRONTEIRA!$L:$L,MATCH(A3,FRONTEIRA!$B:$B,0)),"")) -> Verde | CC3: =IF(A3="","",IF(COUNTIFS(OCORRENCIAS!$B$2:$B$2000,A3,OCORRENCIAS!$Z$2:$Z$2000,"Sim")>0,"Sim","Não")) -> Não | CD3: =IF(A3="","",IF(AND(N3="Sim",Q3="Sim",OR(U3="Sim",U3="N/A"),V3="Sim",M3<>"Inapto",AZ3="Sim",AV3="Sim",BB3="Sim",BF3="Sim",OR(BK3="Sim",BK3="N/A"),OR(T3="",AB3="",AB3<=T3),OR(AH3<>"Sim",CE3="Sim")),"APTO","BLOQUEADO")) -> APTO | CF3: =IF(N3<>"Sim","Motorista GR; ","")&IF(Q3<>"Sim","Motorista seguradora; ","")&IF(U3="Não","Motorista 2; ","")&IF(V3<>"Sim","Veículo GR; ","")&IF(M3="Inapto","Documentos do motorista; ","")&IF(AZ3<>"Sim","Checklist; ","")&IF(AV3<>"Sim","Espelhamento; ","")&IF(BB3<>"Sim","SMP; ","")&IF(BF3<>"Sim","Averbação; ","")&IF(BK3="Não","Docs internacionais; ","")&IF(AND(T3<>"",AB3<>"",AB3>T3),"Valor acima do perfil; ","")&IF(AND(AH3="Sim",CE3<>"Sim"),"Acima do LMG sem aprovação; ","") | CG3: =IF(A3="","",IF(CF3="","Nenhuma",LEFT(CF3,LEN(CF3)-2))) -> Nenhuma | CH3: =IF(A3="","",IF(AND(OR(BO3="Sim",BP3="Sim"),CD3="BLOQUEADO"),"Sim","Não")) -> Não | CI3: =IF(OR(C3="",BM3=0,BM3>=20),"Não",IF(B3=SUMPRODUCT(MAX((C$2:C$2000=C3)*(BM$2:BM$2000>0)*(BM$2:BM$2000<20)*B$2:B$2000)),"Sim","Não")) -> Sim | CJ3: =IF(A3="","","Viagem "&A3&" - Placa "&C3&" - "&BL3&" - Local: "&BT3&" - Motorista: "&I3&" (GR: "&N3&"; Seguradora: "&Q3&") - Rastreador: "&AR3&" no "&AS3&" - Espelhado: "&AV3&" - Checklist: "&AZ3&" - SMP: "&BB3&" - Averbado: "&BF3&" - Apto: "&CD3&" - Pendencias: "&CG3) -> Viagem RGB-2026-0412 - Placa IYA3B21 - 13 Fronteira - despacho/parametrização - Local: Porto Seco Rodoviário de Uruguaiana - pátio - Motorista: João Carlos Pereira (GR: Sim; Seguradora: Sim) - Rastreador: Autotrac PRIME (Híbrido (satélite+4G)) no 7712345 - Espelhado: Sim - Checklist: Sim - SMP: Sim - Averbado: Sim - Apto: APTO - Pendencias: Nenhuma | CM3: Canal verde BR; aguardando parametrização AR. | CN3: 46290.58 | CO3: Analista GR 1 | CP3: =IF(OR(CN3="",BM3<7,BM3>=20),"",IF((NOW()-CN3)*24>P_ATUALIZ_MAX_H,"Sim","Não")) -> Sim
A4: RGB-2026-0415 | B4: 46287.333 | C4: IYD2E67 | D4: IRS3D44 | F4: =IF(C4="","",IFERROR(INDEX(VEICULOS!$C:$C,MATCH(C4,VEICULOS!$A:$A,0)),"?")&IF(D4="",""," + "&IFERROR(INDEX(VEICULOS!$C:$C,MATCH(D4,VEICULOS!$A:$A,0)),"?"))&IF(E4="",""," + "&IFERROR(INDEX(VEICULOS!$C:$C,MATCH(E4,VEICULOS!$A:$A,0)),"?"))) -> Cavalo 6x2 + Carreta Aberta 15m (100m3) | G4: =IF(C4="","",IFERROR(INDEX(VEICULOS!$I:$I,MATCH(C4,VEICULOS!$A:$A,0)),"Não cadastrado")) -> Frota própria (CLT) | H4: MOT-002 | I4: =IF(H4="","",IFERROR(INDEX(MOTORISTAS!$B:$B,MATCH(H4,MOTORISTAS!$A:$A,0)),"Não cadastrado")) -> Luis Alberto Fagundes | J4: Sim | L4: =IF(K4="","",IFERROR(INDEX(MOTORISTAS!$B:$B,MATCH(K4,MOTORISTAS!$A:$A,0)),"Não cadastrado")) | M4: =IF(H4="","",IFERROR(INDEX(MOTORISTAS!$AA:$AA,MATCH(H4,MOTORISTAS!$A:$A,0)),"Não cadastrado")) -> Apto | N4: =IF(H4="","",IF(COUNTIFS(CONSULTAS!$C$2:$C$2000,H4,CONSULTAS!$E$2:$E$2000,"GR",CONSULTAS!$S$2:$S$2000,"Sim")>0,"Sim","Não")) -> Sim | O4: =IF(H4="","",IFERROR(INDEX(CONSULTAS!$L:$L,MATCH(H4&"#GR",CONSULTAS!$T:$T,0)),"—")) -> LIB-570331 | P4: =IF(H4="","",IFERROR(INDEX(CONSULTAS!$Q:$Q,MATCH(H4&"#GR",CONSULTAS!$T:$T,0)),"")) -> 46456 | Q4: =IF(H4="","",IF(COUNTIFS(CONSULTAS!$C$2:$C$2000,H4,CONSULTAS!$E$2:$E$2000,"Seguradora",CONSULTAS!$S$2:$S$2000,"Sim")>0,"Sim","Não")) -> Sim | R4: =IF(H4="","",IFERROR(INDEX(CONSULTAS!$L:$L,MATCH(H4&"#Seguradora",CONSULTAS!$T:$T,0)),"—")) -> SEG-99240 | S4: =IF(H4="","",IFERROR(INDEX(CONSULTAS!$Q:$Q,MATCH(H4&"#Seguradora",CONSULTAS!$T:$T,0)),"")) -> 46456 | T4: =IF(H4="","",IFERROR(INDEX(CONSULTAS!$N:$N,MATCH(H4&"#GR",CONSULTAS!$T:$T,0)),"")) -> 1000000 | U4: =IF(K4="","N/A",IF(AND(COUNTIFS(CONSULTAS!$C$2:$C$2000,K4,CONSULTAS!$E$2:$E$2000,"GR",CONSULTAS!$S$2:$S$2000,"Sim")>0,COUNTIFS(CONSULTAS!$C$2:$C$2000,K4,CONSULTAS!$E$2:$E$2000,"Seguradora",CONSULTAS!$S$2:$S$2000,"Sim")>0),"Sim","Não")) -> N/A | V4: =IF(C4="","",IFERROR(INDEX(VEICULOS!$X:$X,MATCH(C4,VEICULOS!$A:$A,0)),"Não")) -> Sim | W4: Cliente Exemplo CL | X4: Bobinas de papel | Y4: Carga seca geral | Z4: 95000 | AA4: USD | AB4: =IF(Z4="","",IF(AA4="USD",Z4*P_TAXA_USD,Z4)) -> 513000 | AC4: =IF(OR(Y4="",AB4=""),0,SUMPRODUCT((PGR_REGRAS!$C$2:$C$61=Y4)*(PGR_REGRAS!$D$2:$D$61<=AB4)*(PGR_REGRAS!$E$2:$E$61>=AB4)*(PGR_REGRAS!$C$2:$C$61<>"")*ROW(PGR_REGRAS!$C$2:$C$61))) -> 3 | AD4: =IF(AC4=0,IF(Y4="","","Sem regra - consultar seguradora"),INDEX(PGR_REGRAS!$A:$A,AC4)) -> PGR-02 | AE4: =IF(AC4=0,"",INDEX(PGR_REGRAS!$T:$T,AC4)) -> Cadastro + rastreador 24h + espelhamento 2h antes; proibido terceiro (exemplo) | AF4: =IF(AC4=0,"",INDEX(PGR_REGRAS!$I:$I,AC4)) -> Não | AG4: =IF(AC4=0,"",INDEX(PGR_REGRAS!$K:$K,AC4)) -> 0 | AH4: =IF(AB4="","",IF(AB4>P_LMG_REF,"Sim","Não")) -> Não | AI4: Uruguaiana/RS/BR (Armazém Geral Rigabras) | AJ4: Santiago | AK4: CL | AL4: AR | AM4: Uruguaiana-Paso de los Libres | AN4: Sim | AO4: 46289 | AP4: 46289.333 | AQ4: 46289.458 | AR4: =IF(C4="","",IFERROR(INDEX(RASTREADORES!$F:$F,MATCH(C4&"#Principal",RASTREADORES!$Y:$Y,0))&" ("&INDEX(RASTREADORES!$G:$G,MATCH(C4&"#Principal",RASTREADORES!$Y:$Y,0))&")","Sem rastreador principal")) -> Autotrac PRIME (Híbrido (satélite+4G)) | AS4: =IF(C4="","",IFERROR(INDEX(RASTREADORES!$H:$H,MATCH(C4&"#Principal",RASTREADORES!$Y:$Y,0)),"—")) -> 7715872 | AT4: =IF(C4="","",IFERROR(INDEX(RASTREADORES!$A:$A,MATCH(C4&"#Redundante",RASTREADORES!$Y:$Y,0)),IFERROR(INDEX(RASTREADORES!$A:$A,MATCH(C4&"#Isca retornável",RASTREADORES!$Y:$Y,0)),IFERROR(INDEX(RASTREADORES!$A:$A,MATCH(C4&"#Isca descartável",RASTREADORES!$Y:$Y,0)),"Nenhum")))) -> Nenhum | AU4: =IF(C4="","",IFERROR(INDEX(RASTREADORES!$L:$L,MATCH(C4&"#Principal",RASTREADORES!$Y:$Y,0)),"")) -> A confirmar | AV4: =IF(C4="","",IF(COUNTIFS(ESPELHAMENTOS!$B$2:$B$2000,C4,ESPELHAMENTOS!$O$2:$O$2000,"Sim")>0,"Sim","Não")) -> Sim | AW4: =IF(C4="","",COUNTIFS(ESPELHAMENTOS!$B$2:$B$2000,C4,ESPELHAMENTOS!$O$2:$O$2000,"Sim")) -> 1 | AX4: =IF(C4="","",IF(COUNTIFS(ESPELHAMENTOS!$B$2:$B$2000,C4,ESPELHAMENTOS!$O$2:$O$2000,"Sim",ESPELHAMENTOS!$E$2:$E$2000,"GR transportadora")>0,"Sim","Não")) -> Sim | AY4: =IF(OR(AQ4="",C4=""),"",IFERROR(ROUND((AQ4-SUMPRODUCT(MIN((ESPELHAMENTOS!$C$2:$C$2000=A4)*ESPELHAMENTOS!$H$2:$H$2000+(ESPELHAMENTOS!$C$2:$C$2000<>A4)*99999)))*24,1),"")) -> 4 | AZ4: =IF(C4="","",IF(COUNTIFS(CHECKLISTS!$B$2:$B$2000,C4,CHECKLISTS!$AH$2:$AH$2000,"Válido",CHECKLISTS!$AG$2:$AG$2000,">="&INT(IF(AO4="",TODAY(),AO4)))+COUNTIFS(CHECKLISTS!$B$2:$B$2000,C4,CHECKLISTS!$AH$2:$AH$2000,"Vence <=7d",CHECKLISTS!$AG$2:$AG$2000,">="&INT(IF(AO4="",TODAY(),AO4)))>0,"Sim","Não")) -> Sim | BA4: =IF(C4="","",IF(COUNTIFS(CHECKLISTS!$B$2:$B$2000,C4,CHECKLISTS!$AF$2:$AF$2000,"Aprovado")=0,"",SUMPRODUCT(MAX((CHECKLISTS!$B$2:$B$2000=C4)*CHECKLISTS!$AG$2:$AG$2000)))) | BB4: =IF(A4="","",IF(COUNTIFS(SMP!$B$2:$B$2000,A4,SMP!$I$2:$I$2000,"Liberada")+COUNTIFS(SMP!$B$2:$B$2000,A4,SMP!$I$2:$I$2000,"Em andamento")+COUNTIFS(SMP!$B$2:$B$2000,A4,SMP!$I$2:$I$2000,"Finalizada")>0,"Sim","Não")) -> Sim | BC4: =IF(A4="","",IFERROR(INDEX(SMP!$A:$A,MATCH(A4,SMP!$B:$B,0)),"—")) -> SMP-88240 | BD4: =IF(A4="","",IFERROR(INDEX(SMP!$I:$I,MATCH(A4,SMP!$B:$B,0)),"Não aberta")) -> Em andamento | BE4: =IF(A4="","",IFERROR(INDEX(SMP!$D:$D,MATCH(A4,SMP!$B:$B,0)),"")) -> A DEFINIR | BF4: =IF(A4="","",IF(COUNTIFS(AVERBACOES!$B$2:$B$2000,A4,AVERBACOES!$Q$2:$Q$2000,"Averbado completo")+COUNTIFS(AVERBACOES!$B$2:$B$2000,A4,AVERBACOES!$Q$2:$Q$2000,"Averbado CRT")+COUNTIFS(AVERBACOES!$B$2:$B$2000,A4,AVERBACOES!$Q$2:$Q$2000,"Averbado CT-e")+COUNTIFS(AVERBACOES!$B$2:$B$2000,A4,AVERBACOES!$Q$2:$Q$2000,"Averbado MDF-e")+COUNTIFS(AVERBACOES!$B$2:$B$2000,A4,AVERBACOES!$Q$2:$Q$2000,"Averbado pelo embarcador")>0,"Sim","Não")) -> Sim | BG4: =IF(A4="","",IFERROR(INDEX(AVERBACOES!$L:$L,MATCH(A4,AVERBACOES!$B:$B,0)),"—")) -> AV-2026-004530 | BH4: BR.1234.00459 | BI4: 2026BR000795 | BK4: Sim | BL4: 15 Fronteira liberada - trânsito exterior | BM4: =IF(BL4="",0,VALUE(LEFT(BL4,2))) -> 15 | BN4: =IF(A4="","",IF(AP4<>"","Sim","Não")) -> Sim | BO4: =IF(A4="","",IF(OR(BM4=8,BM4=9,BM4=10,BM4=11,BM4=15),"Sim","Não")) -> Sim | BP4: =IF(A4="","",IF(AND(BM4>=12,BM4<=14),"Sim","Não")) -> Não | BQ4: =IF(A4="","",IF(OR(AND(BM4>=16,BM4<=20),BR4<>""),"Sim","Não")) -> Não | BS4: =IF(A4="","",IF(OR(BM4=18,BM4=19,BM4=20),"Sim","Não")) -> Não | BT4: =IF(C4="","",IF(BV4=0,"Sem posição registrada",IFERROR(INDEX(POSICOES!$E:$E,MATCH(C4&"#"&ROUND(BV4*1440,0),POSICOES!$R:$R,0)),"?"))) -> RN127 km 210 | BU4: =IF(OR(C4="",BV4=0),"",IFERROR(INDEX(POSICOES!$F:$F,MATCH(C4&"#"&ROUND(BV4*1440,0),POSICOES!$R:$R,0))&"/"&INDEX(POSICOES!$G:$G,MATCH(C4&"#"&ROUND(BV4*1440,0),POSICOES!$R:$R,0))&" - "&INDEX(POSICOES!$H:$H,MATCH(C4&"#"&ROUND(BV4*1440,0),POSICOES!$R:$R,0)),"")) -> Federal/Entre Ríos - AR | BV4: =IF(C4="",0,SUMPRODUCT(MAX((POSICOES!$C$2:$C$3000=C4)*POSICOES!$B$2:$B$3000))) -> 46290.5 | BW4: =IF(OR(BV4=0,BM4=0,BM4>=20),"",ROUND((NOW()-BV4)*24,1)) -> 7.6 | BX4: =IF(BW4="","",IF(BW4<P_SINAL_ALERTA,"Online",IF(BW4<P_SINAL_CRIT,"Sem sinal 1-4h","Sem sinal >4h"))) -> Sem sinal >4h | BY4: 46292.75 | BZ4: 46293.833 | CA4: =IF(A4="","",IF(COUNTIFS(FRONTEIRA!$B$2:$B$2000,A4,FRONTEIRA!$AA$2:$AA$2000,"Sim")=0,"",ROUND(SUMIFS(FRONTEIRA!$Y$2:$Y$2000,FRONTEIRA!$B$2:$B$2000,A4,FRONTEIRA!$AA$2:$AA$2000,"Sim"),1))) | CB4: =IF(A4="","",IFERROR(INDEX(FRONTEIRA!$L:$L,MATCH(A4,FRONTEIRA!$B:$B,0)),"")) -> Verde | CC4: =IF(A4="","",IF(COUNTIFS(OCORRENCIAS!$B$2:$B$2000,A4,OCORRENCIAS!$Z$2:$Z$2000,"Sim")>0,"Sim","Não")) -> Sim | CD4: =IF(A4="","",IF(AND(N4="Sim",Q4="Sim",OR(U4="Sim",U4="N/A"),V4="Sim",M4<>"Inapto",AZ4="Sim",AV4="Sim",BB4="Sim",BF4="Sim",OR(BK4="Sim",BK4="N/A"),OR(T4="",AB4="",AB4<=T4),OR(AH4<>"Sim",CE4="Sim")),"APTO","BLOQUEADO")) -> APTO | CF4: =IF(N4<>"Sim","Motorista GR; ","")&IF(Q4<>"Sim","Motorista seguradora; ","")&IF(U4="Não","Motorista 2; ","")&IF(V4<>"Sim","Veículo GR; ","")&IF(M4="Inapto","Documentos do motorista; ","")&IF(AZ4<>"Sim","Checklist; ","")&IF(AV4<>"Sim","Espelhamento; ","")&IF(BB4<>"Sim","SMP; ","")&IF(BF4<>"Sim","Averbação; ","")&IF(BK4="Não","Docs internacionais; ","")&IF(AND(T4<>"",AB4<>"",AB4>T4),"Valor acima do perfil; ","")&IF(AND(AH4="Sim",CE4<>"Sim"),"Acima do LMG sem aprovação; ","") | CG4: =IF(A4="","",IF(CF4="","Nenhuma",LEFT(CF4,LEN(CF4)-2))) -> Nenhuma | CH4: =IF(A4="","",IF(AND(OR(BO4="Sim",BP4="Sim"),CD4="BLOQUEADO"),"Sim","Não")) -> Não | CI4: =IF(OR(C4="",BM4=0,BM4>=20),"Não",IF(B4=SUMPRODUCT(MAX((C$2:C$2000=C4)*(BM$2:BM$2000>0)*(BM$2:BM$2000<20)*B$2:B$2000)),"Sim","Não")) -> Sim | CJ4: =IF(A4="","","Viagem "&A4&" - Placa "&C4&" - "&BL4&" - Local: "&BT4&" - Motorista: "&I4&" (GR: "&N4&"; Seguradora: "&Q4&") - Rastreador: "&AR4&" no "&AS4&" - Espelhado: "&AV4&" - Checklist: "&AZ4&" - SMP: "&BB4&" - Averbado: "&BF4&" - Apto: "&CD4&" - Pendencias: "&CG4) -> Viagem RGB-2026-0415 - Placa IYD2E67 - 15 Fronteira liberada - trânsito exterior - Local: RN127 km 210 - Motorista: Luis Alberto Fagundes (GR: Sim; Seguradora: Sim) - Rastreador: Autotrac PRIME (Híbrido (satélite+4G)) no 7715872 - Espelhado: Sim - Checklist: Sim - SMP: Sim - Averbado: Sim - Apto: APTO - Pendencias: Nenhuma | CM4: Monitorar abertura do Cristo Redentor (risco neve). | CN4: 46290.573 | CO4: Analista GR 1 | CP4: =IF(OR(CN4="",BM4<7,BM4>=20),"",IF((NOW()-CN4)*24>P_ATUALIZ_MAX_H,"Sim","Não")) -> Sim
A5: RGB-2026-0418 | B5: 46289.458 | C5: JAK2E88 | D5: JBL9F12 | F5: =IF(C5="","",IFERROR(INDEX(VEICULOS!$C:$C,MATCH(C5,VEICULOS!$A:$A,0)),"?")&IF(D5="",""," + "&IFERROR(INDEX(VEICULOS!$C:$C,MATCH(D5,VEICULOS!$A:$A,0)),"?"))&IF(E5="",""," + "&IFERROR(INDEX(VEICULOS!$C:$C,MATCH(E5,VEICULOS!$A:$A,0)),"?"))) -> Cavalo 6x4 + Carreta Aberta 15m (100m3) | G5: =IF(C5="","",IFERROR(INDEX(VEICULOS!$I:$I,MATCH(C5,VEICULOS!$A:$A,0)),"Não cadastrado")) -> Agregado | H5: MOT-003 | I5: =IF(H5="","",IFERROR(INDEX(MOTORISTAS!$B:$B,MATCH(H5,MOTORISTAS!$A:$A,0)),"Não cadastrado")) -> Ricardo Alves Nunes | J5: Sim | L5: =IF(K5="","",IFERROR(INDEX(MOTORISTAS!$B:$B,MATCH(K5,MOTORISTAS!$A:$A,0)),"Não cadastrado")) | M5: =IF(H5="","",IFERROR(INDEX(MOTORISTAS!$AA:$AA,MATCH(H5,MOTORISTAS!$A:$A,0)),"Não cadastrado")) -> Inapto | N5: =IF(H5="","",IF(COUNTIFS(CONSULTAS!$C$2:$C$2000,H5,CONSULTAS!$E$2:$E$2000,"GR",CONSULTAS!$S$2:$S$2000,"Sim")>0,"Sim","Não")) -> Sim | O5: =IF(H5="","",IFERROR(INDEX(CONSULTAS!$L:$L,MATCH(H5&"#GR",CONSULTAS!$T:$T,0)),"—")) -> LIB-601277 | P5: =IF(H5="","",IFERROR(INDEX(CONSULTAS!$Q:$Q,MATCH(H5&"#GR",CONSULTAS!$T:$T,0)),"")) -> 46297 | Q5: =IF(H5="","",IF(COUNTIFS(CONSULTAS!$C$2:$C$2000,H5,CONSULTAS!$E$2:$E$2000,"Seguradora",CONSULTAS!$S$2:$S$2000,"Sim")>0,"Sim","Não")) -> Não | R5: =IF(H5="","",IFERROR(INDEX(CONSULTAS!$L:$L,MATCH(H5&"#Seguradora",CONSULTAS!$T:$T,0)),"—")) -> — | S5: =IF(H5="","",IFERROR(INDEX(CONSULTAS!$Q:$Q,MATCH(H5&"#Seguradora",CONSULTAS!$T:$T,0)),"")) | T5: =IF(H5="","",IFERROR(INDEX(CONSULTAS!$N:$N,MATCH(H5&"#GR",CONSULTAS!$T:$T,0)),"")) -> 500000 | U5: =IF(K5="","N/A",IF(AND(COUNTIFS(CONSULTAS!$C$2:$C$2000,K5,CONSULTAS!$E$2:$E$2000,"GR",CONSULTAS!$S$2:$S$2000,"Sim")>0,COUNTIFS(CONSULTAS!$C$2:$C$2000,K5,CONSULTAS!$E$2:$E$2000,"Seguradora",CONSULTAS!$S$2:$S$2000,"Sim")>0),"Sim","Não")) -> N/A | V5: =IF(C5="","",IFERROR(INDEX(VEICULOS!$X:$X,MATCH(C5,VEICULOS!$A:$A,0)),"Não")) -> Sim | W5: Embarcador AR/UY (exemplo) | X5: Embalagens plásticas | Y5: Carga seca geral | Z5: 310000 | AA5: BRL | AB5: =IF(Z5="","",IF(AA5="USD",Z5*P_TAXA_USD,Z5)) -> 310000 | AC5: =IF(OR(Y5="",AB5=""),0,SUMPRODUCT((PGR_REGRAS!$C$2:$C$61=Y5)*(PGR_REGRAS!$D$2:$D$61<=AB5)*(PGR_REGRAS!$E$2:$E$61>=AB5)*(PGR_REGRAS!$C$2:$C$61<>"")*ROW(PGR_REGRAS!$C$2:$C$61))) -> 3 | AD5: =IF(AC5=0,IF(Y5="","","Sem regra - consultar seguradora"),INDEX(PGR_REGRAS!$A:$A,AC5)) -> PGR-02 | AE5: =IF(AC5=0,"",INDEX(PGR_REGRAS!$T:$T,AC5)) -> Cadastro + rastreador 24h + espelhamento 2h antes; proibido terceiro (exemplo) | AF5: =IF(AC5=0,"",INDEX(PGR_REGRAS!$I:$I,AC5)) -> Não | AG5: =IF(AC5=0,"",INDEX(PGR_REGRAS!$K:$K,AC5)) -> 0 | AH5: =IF(AB5="","",IF(AB5>P_LMG_REF,"Sim","Não")) -> Não | AI5: Uruguaiana/RS/BR | AJ5: Montevidéu | AK5: UY | AM5: Barra do Quaraí-Bella Unión | AN5: Sim | AO5: 46290 | AP5: 46290.396 | AR5: =IF(C5="","",IFERROR(INDEX(RASTREADORES!$F:$F,MATCH(C5&"#Principal",RASTREADORES!$Y:$Y,0))&" ("&INDEX(RASTREADORES!$G:$G,MATCH(C5&"#Principal",RASTREADORES!$Y:$Y,0))&")","Sem rastreador principal")) -> Autotrac PRIME (Híbrido (satélite+4G)) | AS5: =IF(C5="","",IFERROR(INDEX(RASTREADORES!$H:$H,MATCH(C5&"#Principal",RASTREADORES!$Y:$Y,0)),"—")) -> 7719876 | AT5: =IF(C5="","",IFERROR(INDEX(RASTREADORES!$A:$A,MATCH(C5&"#Redundante",RASTREADORES!$Y:$Y,0)),IFERROR(INDEX(RASTREADORES!$A:$A,MATCH(C5&"#Isca retornável",RASTREADORES!$Y:$Y,0)),IFERROR(INDEX(RASTREADORES!$A:$A,MATCH(C5&"#Isca descartável",RASTREADORES!$Y:$Y,0)),"Nenhum")))) -> Nenhum | AU5: =IF(C5="","",IFERROR(INDEX(RASTREADORES!$L:$L,MATCH(C5&"#Principal",RASTREADORES!$Y:$Y,0)),"")) -> A confirmar | AV5: =IF(C5="","",IF(COUNTIFS(ESPELHAMENTOS!$B$2:$B$2000,C5,ESPELHAMENTOS!$O$2:$O$2000,"Sim")>0,"Sim","Não")) -> Não | AW5: =IF(C5="","",COUNTIFS(ESPELHAMENTOS!$B$2:$B$2000,C5,ESPELHAMENTOS!$O$2:$O$2000,"Sim")) -> 0 | AX5: =IF(C5="","",IF(COUNTIFS(ESPELHAMENTOS!$B$2:$B$2000,C5,ESPELHAMENTOS!$O$2:$O$2000,"Sim",ESPELHAMENTOS!$E$2:$E$2000,"GR transportadora")>0,"Sim","Não")) -> Não | AY5: =IF(OR(AQ5="",C5=""),"",IFERROR(ROUND((AQ5-SUMPRODUCT(MIN((ESPELHAMENTOS!$C$2:$C$2000=A5)*ESPELHAMENTOS!$H$2:$H$2000+(ESPELHAMENTOS!$C$2:$C$2000<>A5)*99999)))*24,1),"")) | AZ5: =IF(C5="","",IF(COUNTIFS(CHECKLISTS!$B$2:$B$2000,C5,CHECKLISTS!$AH$2:$AH$2000,"Válido",CHECKLISTS!$AG$2:$AG$2000,">="&INT(IF(AO5="",TODAY(),AO5)))+COUNTIFS(CHECKLISTS!$B$2:$B$2000,C5,CHECKLISTS!$AH$2:$AH$2000,"Vence <=7d",CHECKLISTS!$AG$2:$AG$2000,">="&INT(IF(AO5="",TODAY(),AO5)))>0,"Sim","Não")) -> Não | BA5: =IF(C5="","",IF(COUNTIFS(CHECKLISTS!$B$2:$B$2000,C5,CHECKLISTS!$AF$2:$AF$2000,"Aprovado")=0,"",SUMPRODUCT(MAX((CHECKLISTS!$B$2:$B$2000=C5)*CHECKLISTS!$AG$2:$AG$2000)))) | BB5: =IF(A5="","",IF(COUNTIFS(SMP!$B$2:$B$2000,A5,SMP!$I$2:$I$2000,"Liberada")+COUNTIFS(SMP!$B$2:$B$2000,A5,SMP!$I$2:$I$2000,"Em andamento")+COUNTIFS(SMP!$B$2:$B$2000,A5,SMP!$I$2:$I$2000,"Finalizada")>0,"Sim","Não")) -> Não | BC5: =IF(A5="","",IFERROR(INDEX(SMP!$A:$A,MATCH(A5,SMP!$B:$B,0)),"—")) -> — | BD5: =IF(A5="","",IFERROR(INDEX(SMP!$I:$I,MATCH(A5,SMP!$B:$B,0)),"Não aberta")) -> Não aberta | BE5: =IF(A5="","",IFERROR(INDEX(SMP!$D:$D,MATCH(A5,SMP!$B:$B,0)),"")) | BF5: =IF(A5="","",IF(COUNTIFS(AVERBACOES!$B$2:$B$2000,A5,AVERBACOES!$Q$2:$Q$2000,"Averbado completo")+COUNTIFS(AVERBACOES!$B$2:$B$2000,A5,AVERBACOES!$Q$2:$Q$2000,"Averbado CRT")+COUNTIFS(AVERBACOES!$B$2:$B$2000,A5,AVERBACOES!$Q$2:$Q$2000,"Averbado CT-e")+COUNTIFS(AVERBACOES!$B$2:$B$2000,A5,AVERBACOES!$Q$2:$Q$2000,"Averbado MDF-e")+COUNTIFS(AVERBACOES!$B$2:$B$2000,A5,AVERBACOES!$Q$2:$Q$2000,"Averbado pelo embarcador")>0,"Sim","Não")) -> Não | BG5: =IF(A5="","",IFERROR(INDEX(AVERBACOES!$L:$L,MATCH(A5,AVERBACOES!$B:$B,0)),"—")) -> 0 | BH5: BR.1234.00461 | BK5: Não | BL5: 06 Carregado - aguardando docs/SMP | BM5: =IF(BL5="",0,VALUE(LEFT(BL5,2))) -> 6 | BN5: =IF(A5="","",IF(AP5<>"","Sim","Não")) -> Sim | BO5: =IF(A5="","",IF(OR(BM5=8,BM5=9,BM5=10,BM5=11,BM5=15),"Sim","Não")) -> Não | BP5: =IF(A5="","",IF(AND(BM5>=12,BM5<=14),"Sim","Não")) -> Não | BQ5: =IF(A5="","",IF(OR(AND(BM5>=16,BM5<=20),BR5<>""),"Sim","Não")) -> Não | BS5: =IF(A5="","",IF(OR(BM5=18,BM5=19,BM5=20),"Sim","Não")) -> Não | BT5: =IF(C5="","",IF(BV5=0,"Sem posição registrada",IFERROR(INDEX(POSICOES!$E:$E,MATCH(C5&"#"&ROUND(BV5*1440,0),POSICOES!$R:$R,0)),"?"))) -> Sem posição registrada | BU5: =IF(OR(C5="",BV5=0),"",IFERROR(INDEX(POSICOES!$F:$F,MATCH(C5&"#"&ROUND(BV5*1440,0),POSICOES!$R:$R,0))&"/"&INDEX(POSICOES!$G:$G,MATCH(C5&"#"&ROUND(BV5*1440,0),POSICOES!$R:$R,0))&" - "&INDEX(POSICOES!$H:$H,MATCH(C5&"#"&ROUND(BV5*1440,0),POSICOES!$R:$R,0)),"")) | BV5: =IF(C5="",0,SUMPRODUCT(MAX((POSICOES!$C$2:$C$3000=C5)*POSICOES!$B$2:$B$3000))) -> 0 | BW5: =IF(OR(BV5=0,BM5=0,BM5>=20),"",ROUND((NOW()-BV5)*24,1)) | BX5: =IF(BW5="","",IF(BW5<P_SINAL_ALERTA,"Online",IF(BW5<P_SINAL_CRIT,"Sem sinal 1-4h","Sem sinal >4h"))) | BZ5: 46291.833 | CA5: =IF(A5="","",IF(COUNTIFS(FRONTEIRA!$B$2:$B$2000,A5,FRONTEIRA!$AA$2:$AA$2000,"Sim")=0,"",ROUND(SUMIFS(FRONTEIRA!$Y$2:$Y$2000,FRONTEIRA!$B$2:$B$2000,A5,FRONTEIRA!$AA$2:$AA$2000,"Sim"),1))) | CB5: =IF(A5="","",IFERROR(INDEX(FRONTEIRA!$L:$L,MATCH(A5,FRONTEIRA!$B:$B,0)),"")) | CC5: =IF(A5="","",IF(COUNTIFS(OCORRENCIAS!$B$2:$B$2000,A5,OCORRENCIAS!$Z$2:$Z$2000,"Sim")>0,"Sim","Não")) -> Não | CD5: =IF(A5="","",IF(AND(N5="Sim",Q5="Sim",OR(U5="Sim",U5="N/A"),V5="Sim",M5<>"Inapto",AZ5="Sim",AV5="Sim",BB5="Sim",BF5="Sim",OR(BK5="Sim",BK5="N/A"),OR(T5="",AB5="",AB5<=T5),OR(AH5<>"Sim",CE5="Sim")),"APTO","BLOQUEADO")) -> BLOQUEADO | CF5: =IF(N5<>"Sim","Motorista GR; ","")&IF(Q5<>"Sim","Motorista seguradora; ","")&IF(U5="Não","Motorista 2; ","")&IF(V5<>"Sim","Veículo GR; ","")&IF(M5="Inapto","Documentos do motorista; ","")&IF(AZ5<>"Sim","Checklist; ","")&IF(AV5<>"Sim","Espelhamento; ","")&IF(BB5<>"Sim","SMP; ","")&IF(BF5<>"Sim","Averbação; ","")&IF(BK5="Não","Docs internacionais; ","")&IF(AND(T5<>"",AB5<>"",AB5>T5),"Valor acima do perfil; ","")&IF(AND(AH5="Sim",CE5<>"Sim"),"Acima do LMG sem aprovação; ","") -> Motorista seguradora; Documentos do motorista; Checklist; Espelhamento; SMP; Averbação; Docs internacionais; | CG5: =IF(A5="","",IF(CF5="","Nenhuma",LEFT(CF5,LEN(CF5)-2))) -> Motorista seguradora; Documentos do motorista; Checklist; Espelhamento; SMP; Averbação; Docs internacionais | CH5: =IF(A5="","",IF(AND(OR(BO5="Sim",BP5="Sim"),CD5="BLOQUEADO"),"Sim","Não")) -> Não | CI5: =IF(OR(C5="",BM5=0,BM5>=20),"Não",IF(B5=SUMPRODUCT(MAX((C$2:C$2000=C5)*(BM$2:BM$2000>0)*(BM$2:BM$2000<20)*B$2:B$2000)),"Sim","Não")) -> Sim | CJ5: =IF(A5="","","Viagem "&A5&" - Placa "&C5&" - "&BL5&" - Local: "&BT5&" - Motorista: "&I5&" (GR: "&N5&"; Seguradora: "&Q5&") - Rastreador: "&AR5&" no "&AS5&" - Espelhado: "&AV5&" - Checklist: "&AZ5&" - SMP: "&BB5&" - Averbado: "&BF5&" - Apto: "&CD5&" - Pendencias: "&CG5) -> Viagem RGB-2026-0418 - Placa JAK2E88 - 06 Carregado - aguardando docs/SMP - Local: Sem posição registrada - Motorista: Ricardo Alves Nunes (GR: Sim; Seguradora: Não) - Rastreador: Autotrac PRIME (Híbrido (satélite+4G)) no 7719876 - Espelhado: Não - Checklist: Não - SMP: Não - Averbado: Não - Apto: BLOQUEADO - Pendencias: Motorista seguradora; Documentos do motorista; Checklist; Espelhamento; SMP; Averbação; Docs internacionais | CM5: Refazer checklist do sensor sider antes de abrir a SMP. | CN5: 46290.479 | CO5: Analista GR 2 | CP5: =IF(OR(CN5="",BM5<7,BM5>=20),"",IF((NOW()-CN5)*24>P_ATUALIZ_MAX_H,"Sim","Não"))
A6: RGB-2026-0421 | B6: 46290.375 | C6: IYB5C34 | D6: IRS8H05 | F6: =IF(C6="","",IFERROR(INDEX(VEICULOS!$C:$C,MATCH(C6,VEICULOS!$A:$A,0)),"?")&IF(D6="",""," + "&IFERROR(INDEX(VEICULOS!$C:$C,MATCH(D6,VEICULOS!$A:$A,0)),"?"))&IF(E6="",""," + "&IFERROR(INDEX(VEICULOS!$C:$C,MATCH(E6,VEICULOS!$A:$A,0)),"?"))) -> Cavalo 6x4 + Carreta Sider 15,45m (107m3) | G6: =IF(C6="","",IFERROR(INDEX(VEICULOS!$I:$I,MATCH(C6,VEICULOS!$A:$A,0)),"Não cadastrado")) -> Frota própria (CLT) | H6: MOT-004 | I6: =IF(H6="","",IFERROR(INDEX(MOTORISTAS!$B:$B,MATCH(H6,MOTORISTAS!$A:$A,0)),"Não cadastrado")) -> Marcelo Duarte Lima | J6: Não | L6: =IF(K6="","",IFERROR(INDEX(MOTORISTAS!$B:$B,MATCH(K6,MOTORISTAS!$A:$A,0)),"Não cadastrado")) | M6: =IF(H6="","",IFERROR(INDEX(MOTORISTAS!$AA:$AA,MATCH(H6,MOTORISTAS!$A:$A,0)),"Não cadastrado")) -> Inapto | N6: =IF(H6="","",IF(COUNTIFS(CONSULTAS!$C$2:$C$2000,H6,CONSULTAS!$E$2:$E$2000,"GR",CONSULTAS!$S$2:$S$2000,"Sim")>0,"Sim","Não")) -> Não | O6: =IF(H6="","",IFERROR(INDEX(CONSULTAS!$L:$L,MATCH(H6&"#GR",CONSULTAS!$T:$T,0)),"—")) -> — | P6: =IF(H6="","",IFERROR(INDEX(CONSULTAS!$Q:$Q,MATCH(H6&"#GR",CONSULTAS!$T:$T,0)),"")) | Q6: =IF(H6="","",IF(COUNTIFS(CONSULTAS!$C$2:$C$2000,H6,CONSULTAS!$E$2:$E$2000,"Seguradora",CONSULTAS!$S$2:$S$2000,"Sim")>0,"Sim","Não")) -> Não | R6: =IF(H6="","",IFERROR(INDEX(CONSULTAS!$L:$L,MATCH(H6&"#Seguradora",CONSULTAS!$T:$T,0)),"—")) -> — | S6: =IF(H6="","",IFERROR(INDEX(CONSULTAS!$Q:$Q,MATCH(H6&"#Seguradora",CONSULTAS!$T:$T,0)),"")) | T6: =IF(H6="","",IFERROR(INDEX(CONSULTAS!$N:$N,MATCH(H6&"#GR",CONSULTAS!$T:$T,0)),"")) | U6: =IF(K6="","N/A",IF(AND(COUNTIFS(CONSULTAS!$C$2:$C$2000,K6,CONSULTAS!$E$2:$E$2000,"GR",CONSULTAS!$S$2:$S$2000,"Sim")>0,COUNTIFS(CONSULTAS!$C$2:$C$2000,K6,CONSULTAS!$E$2:$E$2000,"Seguradora",CONSULTAS!$S$2:$S$2000,"Sim")>0),"Sim","Não")) -> N/A | V6: =IF(C6="","",IFERROR(INDEX(VEICULOS!$X:$X,MATCH(C6,VEICULOS!$A:$A,0)),"Não")) -> Sim | W6: Cliente Exemplo PY | X6: Autopeças | Y6: Autopeças | Z6: 240000 | AA6: BRL | AB6: =IF(Z6="","",IF(AA6="USD",Z6*P_TAXA_USD,Z6)) -> 240000 | AC6: =IF(OR(Y6="",AB6=""),0,SUMPRODUCT((PGR_REGRAS!$C$2:$C$61=Y6)*(PGR_REGRAS!$D$2:$D$61<=AB6)*(PGR_REGRAS!$E$2:$E$61>=AB6)*(PGR_REGRAS!$C$2:$C$61<>"")*ROW(PGR_REGRAS!$C$2:$C$61))) -> 6 | AD6: =IF(AC6=0,IF(Y6="","","Sem regra - consultar seguradora"),INDEX(PGR_REGRAS!$A:$A,AC6)) -> PGR-05 | AE6: =IF(AC6=0,"",INDEX(PGR_REGRAS!$T:$T,AC6)) -> Cadastro + rastreador (exemplo) | AF6: =IF(AC6=0,"",INDEX(PGR_REGRAS!$I:$I,AC6)) -> Não | AG6: =IF(AC6=0,"",INDEX(PGR_REGRAS!$K:$K,AC6)) -> 0 | AH6: =IF(AB6="","",IF(AB6>P_LMG_REF,"Sim","Não")) -> Não | AI6: Uruguaiana/RS/BR | AJ6: Assunción | AK6: PY | AL6: AR | AM6: Posadas-Encarnación (AR-PY) | AO6: 46291 | AR6: =IF(C6="","",IFERROR(INDEX(RASTREADORES!$F:$F,MATCH(C6&"#Principal",RASTREADORES!$Y:$Y,0))&" ("&INDEX(RASTREADORES!$G:$G,MATCH(C6&"#Principal",RASTREADORES!$Y:$Y,0))&")","Sem rastreador principal")) -> Autotrac PRIME (Híbrido (satélite+4G)) | AS6: =IF(C6="","",IFERROR(INDEX(RASTREADORES!$H:$H,MATCH(C6&"#Principal",RASTREADORES!$Y:$Y,0)),"—")) -> 7714410 | AT6: =IF(C6="","",IFERROR(INDEX(RASTREADORES!$A:$A,MATCH(C6&"#Redundante",RASTREADORES!$Y:$Y,0)),IFERROR(INDEX(RASTREADORES!$A:$A,MATCH(C6&"#Isca retornável",RASTREADORES!$Y:$Y,0)),IFERROR(INDEX(RASTREADORES!$A:$A,MATCH(C6&"#Isca descartável",RASTREADORES!$Y:$Y,0)),"Nenhum")))) -> Nenhum | AU6: =IF(C6="","",IFERROR(INDEX(RASTREADORES!$L:$L,MATCH(C6&"#Principal",RASTREADORES!$Y:$Y,0)),"")) -> A confirmar | AV6: =IF(C6="","",IF(COUNTIFS(ESPELHAMENTOS!$B$2:$B$2000,C6,ESPELHAMENTOS!$O$2:$O$2000,"Sim")>0,"Sim","Não")) -> Não | AW6: =IF(C6="","",COUNTIFS(ESPELHAMENTOS!$B$2:$B$2000,C6,ESPELHAMENTOS!$O$2:$O$2000,"Sim")) -> 0 | AX6: =IF(C6="","",IF(COUNTIFS(ESPELHAMENTOS!$B$2:$B$2000,C6,ESPELHAMENTOS!$O$2:$O$2000,"Sim",ESPELHAMENTOS!$E$2:$E$2000,"GR transportadora")>0,"Sim","Não")) -> Não | AY6: =IF(OR(AQ6="",C6=""),"",IFERROR(ROUND((AQ6-SUMPRODUCT(MIN((ESPELHAMENTOS!$C$2:$C$2000=A6)*ESPELHAMENTOS!$H$2:$H$2000+(ESPELHAMENTOS!$C$2:$C$2000<>A6)*99999)))*24,1),"")) | AZ6: =IF(C6="","",IF(COUNTIFS(CHECKLISTS!$B$2:$B$2000,C6,CHECKLISTS!$AH$2:$AH$2000,"Válido",CHECKLISTS!$AG$2:$AG$2000,">="&INT(IF(AO6="",TODAY(),AO6)))+COUNTIFS(CHECKLISTS!$B$2:$B$2000,C6,CHECKLISTS!$AH$2:$AH$2000,"Vence <=7d",CHECKLISTS!$AG$2:$AG$2000,">="&INT(IF(AO6="",TODAY(),AO6)))>0,"Sim","Não")) -> Sim | BA6: =IF(C6="","",IF(COUNTIFS(CHECKLISTS!$B$2:$B$2000,C6,CHECKLISTS!$AF$2:$AF$2000,"Aprovado")=0,"",SUMPRODUCT(MAX((CHECKLISTS!$B$2:$B$2000=C6)*CHECKLISTS!$AG$2:$AG$2000)))) | BB6: =IF(A6="","",IF(COUNTIFS(SMP!$B$2:$B$2000,A6,SMP!$I$2:$I$2000,"Liberada")+COUNTIFS(SMP!$B$2:$B$2000,A6,SMP!$I$2:$I$2000,"Em andamento")+COUNTIFS(SMP!$B$2:$B$2000,A6,SMP!$I$2:$I$2000,"Finalizada")>0,"Sim","Não")) -> Não | BC6: =IF(A6="","",IFERROR(INDEX(SMP!$A:$A,MATCH(A6,SMP!$B:$B,0)),"—")) -> — | BD6: =IF(A6="","",IFERROR(INDEX(SMP!$I:$I,MATCH(A6,SMP!$B:$B,0)),"Não aberta")) -> Não aberta | BE6: =IF(A6="","",IFERROR(INDEX(SMP!$D:$D,MATCH(A6,SMP!$B:$B,0)),"")) | BF6: =IF(A6="","",IF(COUNTIFS(AVERBACOES!$B$2:$B$2000,A6,AVERBACOES!$Q$2:$Q$2000,"Averbado completo")+COUNTIFS(AVERBACOES!$B$2:$B$2000,A6,AVERBACOES!$Q$2:$Q$2000,"Averbado CRT")+COUNTIFS(AVERBACOES!$B$2:$B$2000,A6,AVERBACOES!$Q$2:$Q$2000,"Averbado CT-e")+COUNTIFS(AVERBACOES!$B$2:$B$2000,A6,AVERBACOES!$Q$2:$Q$2000,"Averbado MDF-e")+COUNTIFS(AVERBACOES!$B$2:$B$2000,A6,AVERBACOES!$Q$2:$Q$2000,"Averbado pelo embarcador")>0,"Sim","Não")) -> Não | BG6: =IF(A6="","",IFERROR(INDEX(AVERBACOES!$L:$L,MATCH(A6,AVERBACOES!$B:$B,0)),"—")) -> — | BL6: 02 Aguardando liberação GR | BM6: =IF(BL6="",0,VALUE(LEFT(BL6,2))) -> 2 | BN6: =IF(A6="","",IF(AP6<>"","Sim","Não")) -> Não | BO6: =IF(A6="","",IF(OR(BM6=8,BM6=9,BM6=10,BM6=11,BM6=15),"Sim","Não")) -> Não | BP6: =IF(A6="","",IF(AND(BM6>=12,BM6<=14),"Sim","Não")) -> Não | BQ6: =IF(A6="","",IF(OR(AND(BM6>=16,BM6<=20),BR6<>""),"Sim","Não")) -> Não | BS6: =IF(A6="","",IF(OR(BM6=18,BM6=19,BM6=20),"Sim","Não")) -> Não | BT6: =IF(C6="","",IF(BV6=0,"Sem posição registrada",IFERROR(INDEX(POSICOES!$E:$E,MATCH(C6&"#"&ROUND(BV6*1440,0),POSICOES!$R:$R,0)),"?"))) -> Depósito destino - Rosario | BU6: =IF(OR(C6="",BV6=0),"",IFERROR(INDEX(POSICOES!$F:$F,MATCH(C6&"#"&ROUND(BV6*1440,0),POSICOES!$R:$R,0))&"/"&INDEX(POSICOES!$G:$G,MATCH(C6&"#"&ROUND(BV6*1440,0),POSICOES!$R:$R,0))&" - "&INDEX(POSICOES!$H:$H,MATCH(C6&"#"&ROUND(BV6*1440,0),POSICOES!$R:$R,0)),"")) -> Rosario/Santa Fe - AR | BV6: =IF(C6="",0,SUMPRODUCT(MAX((POSICOES!$C$2:$C$3000=C6)*POSICOES!$B$2:$B$3000))) -> 46290.333 | BW6: =IF(OR(BV6=0,BM6=0,BM6>=20),"",ROUND((NOW()-BV6)*24,1)) -> 11.6 | BX6: =IF(BW6="","",IF(BW6<P_SINAL_ALERTA,"Online",IF(BW6<P_SINAL_CRIT,"Sem sinal 1-4h","Sem sinal >4h"))) -> Sem sinal >4h | CA6: =IF(A6="","",IF(COUNTIFS(FRONTEIRA!$B$2:$B$2000,A6,FRONTEIRA!$AA$2:$AA$2000,"Sim")=0,"",ROUND(SUMIFS(FRONTEIRA!$Y$2:$Y$2000,FRONTEIRA!$B$2:$B$2000,A6,FRONTEIRA!$AA$2:$AA$2000,"Sim"),1))) | CB6: =IF(A6="","",IFERROR(INDEX(FRONTEIRA!$L:$L,MATCH(A6,FRONTEIRA!$B:$B,0)),"")) | CC6: =IF(A6="","",IF(COUNTIFS(OCORRENCIAS!$B$2:$B$2000,A6,OCORRENCIAS!$Z$2:$Z$2000,"Sim")>0,"Sim","Não")) -> Não | CD6: =IF(A6="","",IF(AND(N6="Sim",Q6="Sim",OR(U6="Sim",U6="N/A"),V6="Sim",M6<>"Inapto",AZ6="Sim",AV6="Sim",BB6="Sim",BF6="Sim",OR(BK6="Sim",BK6="N/A"),OR(T6="",AB6="",AB6<=T6),OR(AH6<>"Sim",CE6="Sim")),"APTO","BLOQUEADO")) -> BLOQUEADO | CF6: =IF(N6<>"Sim","Motorista GR; ","")&IF(Q6<>"Sim","Motorista seguradora; ","")&IF(U6="Não","Motorista 2; ","")&IF(V6<>"Sim","Veículo GR; ","")&IF(M6="Inapto","Documentos do motorista; ","")&IF(AZ6<>"Sim","Checklist; ","")&IF(AV6<>"Sim","Espelhamento; ","")&IF(BB6<>"Sim","SMP; ","")&IF(BF6<>"Sim","Averbação; ","")&IF(BK6="Não","Docs internacionais; ","")&IF(AND(T6<>"",AB6<>"",AB6>T6),"Valor acima do perfil; ","")&IF(AND(AH6="Sim",CE6<>"Sim"),"Acima do LMG sem aprovação; ","") -> Motorista GR; Motorista seguradora; Documentos do motorista; Espelhamento; SMP; Averbação; | CG6: =IF(A6="","",IF(CF6="","Nenhuma",LEFT(CF6,LEN(CF6)-2))) -> Motorista GR; Motorista seguradora; Documentos do motorista; Espelhamento; SMP; Averbação | CH6: =IF(A6="","",IF(AND(OR(BO6="Sim",BP6="Sim"),CD6="BLOQUEADO"),"Sim","Não")) -> Não | CI6: =IF(OR(C6="",BM6=0,BM6>=20),"Não",IF(B6=SUMPRODUCT(MAX((C$2:C$2000=C6)*(BM$2:BM$2000>0)*(BM$2:BM$2000<20)*B$2:B$2000)),"Sim","Não")) -> Sim | CJ6: =IF(A6="","","Viagem "&A6&" - Placa "&C6&" - "&BL6&" - Local: "&BT6&" - Motorista: "&I6&" (GR: "&N6&"; Seguradora: "&Q6&") - Rastreador: "&AR6&" no "&AS6&" - Espelhado: "&AV6&" - Checklist: "&AZ6&" - SMP: "&BB6&" - Averbado: "&BF6&" - Apto: "&CD6&" - Pendencias: "&CG6) -> Viagem RGB-2026-0421 - Placa IYB5C34 - 02 Aguardando liberação GR - Local: Depósito destino - Rosario - Motorista: Marcelo Duarte Lima (GR: Não; Seguradora: Não) - Rastreador: Autotrac PRIME (Híbrido (satélite+4G)) no 7714410 - Espelhado: Não - Checklist: Sim - SMP: Não - Averbado: Não - Apto: BLOQUEADO - Pendencias: Motorista GR; Motorista seguradora; Documentos do motorista; Espelhamento; SMP; Averbação | CM6: Trocar motorista ou regularizar toxicológico e consulta antes de liberar. | CN6: 46290.417 | CO6: Analista GR 2 | CP6: =IF(OR(CN6="",BM6<7,BM6>=20),"",IF((NOW()-CN6)*24>P_ATUALIZ_MAX_H,"Sim","Não"))
F7: =IF(C7="","",IFERROR(INDEX(VEICULOS!$C:$C,MATCH(C7,VEICULOS!$A:$A,0)),"?")&IF(D7="",""," + "&IFERROR(INDEX(VEICULOS!$C:$C,MATCH(D7,VEICULOS!$A:$A,0)),"?"))&IF(E7="",""," + "&IFERROR(INDEX(VEICULOS!$C:$C,MATCH(E7,VEICULOS!$A:$A,0)),"?"))) | G7: =IF(C7="","",IFERROR(INDEX(VEICULOS!$I:$I,MATCH(C7,VEICULOS!$A:$A,0)),"Não cadastrado")) | I7: =IF(H7="","",IFERROR(INDEX(MOTORISTAS!$B:$B,MATCH(H7,MOTORISTAS!$A:$A,0)),"Não cadastrado")) | L7: =IF(K7="","",IFERROR(INDEX(MOTORISTAS!$B:$B,MATCH(K7,MOTORISTAS!$A:$A,0)),"Não cadastrado")) | M7: =IF(H7="","",IFERROR(INDEX(MOTORISTAS!$AA:$AA,MATCH(H7,MOTORISTAS!$A:$A,0)),"Não cadastrado")) | N7: =IF(H7="","",IF(COUNTIFS(CONSULTAS!$C$2:$C$2000,H7,CONSULTAS!$E$2:$E$2000,"GR",CONSULTAS!$S$2:$S$2000,"Sim")>0,"Sim","Não")) | O7: =IF(H7="","",IFERROR(INDEX(CONSULTAS!$L:$L,MATCH(H7&"#GR",CONSULTAS!$T:$T,0)),"—")) | P7: =IF(H7="","",IFERROR(INDEX(CONSULTAS!$Q:$Q,MATCH(H7&"#GR",CONSULTAS!$T:$T,0)),"")) | Q7: =IF(H7="","",IF(COUNTIFS(CONSULTAS!$C$2:$C$2000,H7,CONSULTAS!$E$2:$E$2000,"Seguradora",CONSULTAS!$S$2:$S$2000,"Sim")>0,"Sim","Não")) | R7: =IF(H7="","",IFERROR(INDEX(CONSULTAS!$L:$L,MATCH(H7&"#Seguradora",CONSULTAS!$T:$T,0)),"—")) | S7: =IF(H7="","",IFERROR(INDEX(CONSULTAS!$Q:$Q,MATCH(H7&"#Seguradora",CONSULTAS!$T:$T,0)),"")) | T7: =IF(H7="","",IFERROR(INDEX(CONSULTAS!$N:$N,MATCH(H7&"#GR",CONSULTAS!$T:$T,0)),"")) | U7: =IF(K7="","N/A",IF(AND(COUNTIFS(CONSULTAS!$C$2:$C$2000,K7,CONSULTAS!$E$2:$E$2000,"GR",CONSULTAS!$S$2:$S$2000,"Sim")>0,COUNTIFS(CONSULTAS!$C$2:$C$2000,K7,CONSULTAS!$E$2:$E$2000,"Seguradora",CONSULTAS!$S$2:$S$2000,"Sim")>0),"Sim","Não")) -> N/A | V7: =IF(C7="","",IFERROR(INDEX(VEICULOS!$X:$X,MATCH(C7,VEICULOS!$A:$A,0)),"Não")) | AB7: =IF(Z7="","",IF(AA7="USD",Z7*P_TAXA_USD,Z7)) | AC7: =IF(OR(Y7="",AB7=""),0,SUMPRODUCT((PGR_REGRAS!$C$2:$C$61=Y7)*(PGR_REGRAS!$D$2:$D$61<=AB7)*(PGR_REGRAS!$E$2:$E$61>=AB7)*(PGR_REGRAS!$C$2:$C$61<>"")*ROW(PGR_REGRAS!$C$2:$C$61))) -> 0 | AD7: =IF(AC7=0,IF(Y7="","","Sem regra - consultar seguradora"),INDEX(PGR_REGRAS!$A:$A,AC7)) | AE7: =IF(AC7=0,"",INDEX(PGR_REGRAS!$T:$T,AC7)) | AF7: =IF(AC7=0,"",INDEX(PGR_REGRAS!$I:$I,AC7)) | AG7: =IF(AC7=0,"",INDEX(PGR_REGRAS!$K:$K,AC7)) | AH7: =IF(AB7="","",IF(AB7>P_LMG_REF,"Sim","Não")) | AR7: =IF(C7="","",IFERROR(INDEX(RASTREADORES!$F:$F,MATCH(C7&"#Principal",RASTREADORES!$Y:$Y,0))&" ("&INDEX(RASTREADORES!$G:$G,MATCH(C7&"#Principal",RASTREADORES!$Y:$Y,0))&")","Sem rastreador principal")) | AS7: =IF(C7="","",IFERROR(INDEX(RASTREADORES!$H:$H,MATCH(C7&"#Principal",RASTREADORES!$Y:$Y,0)),"—")) | AT7: =IF(C7="","",IFERROR(INDEX(RASTREADORES!$A:$A,MATCH(C7&"#Redundante",RASTREADORES!$Y:$Y,0)),IFERROR(INDEX(RASTREADORES!$A:$A,MATCH(C7&"#Isca retornável",RASTREADORES!$Y:$Y,0)),IFERROR(INDEX(RASTREADORES!$A:$A,MATCH(C7&"#Isca descartável",RASTREADORES!$Y:$Y,0)),"Nenhum")))) | AU7: =IF(C7="","",IFERROR(INDEX(RASTREADORES!$L:$L,MATCH(C7&"#Principal",RASTREADORES!$Y:$Y,0)),"")) | AV7: =IF(C7="","",IF(COUNTIFS(ESPELHAMENTOS!$B$2:$B$2000,C7,ESPELHAMENTOS!$O$2:$O$2000,"Sim")>0,"Sim","Não")) | AW7: =IF(C7="","",COUNTIFS(ESPELHAMENTOS!$B$2:$B$2000,C7,ESPELHAMENTOS!$O$2:$O$2000,"Sim")) | AX7: =IF(C7="","",IF(COUNTIFS(ESPELHAMENTOS!$B$2:$B$2000,C7,ESPELHAMENTOS!$O$2:$O$2000,"Sim",ESPELHAMENTOS!$E$2:$E$2000,"GR transportadora")>0,"Sim","Não")) | AY7: =IF(OR(AQ7="",C7=""),"",IFERROR(ROUND((AQ7-SUMPRODUCT(MIN((ESPELHAMENTOS!$C$2:$C$2000=A7)*ESPELHAMENTOS!$H$2:$H$2000+(ESPELHAMENTOS!$C$2:$C$2000<>A7)*99999)))*24,1),"")) | AZ7: =IF(C7="","",IF(COUNTIFS(CHECKLISTS!$B$2:$B$2000,C7,CHECKLISTS!$AH$2:$AH$2000,"Válido",CHECKLISTS!$AG$2:$AG$2000,">="&INT(IF(AO7="",TODAY(),AO7)))+COUNTIFS(CHECKLISTS!$B$2:$B$2000,C7,CHECKLISTS!$AH$2:$AH$2000,"Vence <=7d",CHECKLISTS!$AG$2:$AG$2000,">="&INT(IF(AO7="",TODAY(),AO7)))>0,"Sim","Não")) | BA7: =IF(C7="","",IF(COUNTIFS(CHECKLISTS!$B$2:$B$2000,C7,CHECKLISTS!$AF$2:$AF$2000,"Aprovado")=0,"",SUMPRODUCT(MAX((CHECKLISTS!$B$2:$B$2000=C7)*CHECKLISTS!$AG$2:$AG$2000)))) | BB7: =IF(A7="","",IF(COUNTIFS(SMP!$B$2:$B$2000,A7,SMP!$I$2:$I$2000,"Liberada")+COUNTIFS(SMP!$B$2:$B$2000,A7,SMP!$I$2:$I$2000,"Em andamento")+COUNTIFS(SMP!$B$2:$B$2000,A7,SMP!$I$2:$I$2000,"Finalizada")>0,"Sim","Não")) | BC7: =IF(A7="","",IFERROR(INDEX(SMP!$A:$A,MATCH(A7,SMP!$B:$B,0)),"—")) | BD7: =IF(A7="","",IFERROR(INDEX(SMP!$I:$I,MATCH(A7,SMP!$B:$B,0)),"Não aberta")) | BE7: =IF(A7="","",IFERROR(INDEX(SMP!$D:$D,MATCH(A7,SMP!$B:$B,0)),"")) | BF7: =IF(A7="","",IF(COUNTIFS(AVERBACOES!$B$2:$B$2000,A7,AVERBACOES!$Q$2:$Q$2000,"Averbado completo")+COUNTIFS(AVERBACOES!$B$2:$B$2000,A7,AVERBACOES!$Q$2:$Q$2000,"Averbado CRT")+COUNTIFS(AVERBACOES!$B$2:$B$2000,A7,AVERBACOES!$Q$2:$Q$2000,"Averbado CT-e")+COUNTIFS(AVERBACOES!$B$2:$B$2000,A7,AVERBACOES!$Q$2:$Q$2000,"Averbado MDF-e")+COUNTIFS(AVERBACOES!$B$2:$B$2000,A7,AVERBACOES!$Q$2:$Q$2000,"Averbado pelo embarcador")>0,"Sim","Não")) | BG7: =IF(A7="","",IFERROR(INDEX(AVERBACOES!$L:$L,MATCH(A7,AVERBACOES!$B:$B,0)),"—")) | BM7: =IF(BL7="",0,VALUE(LEFT(BL7,2))) -> 0 | BN7: =IF(A7="","",IF(AP7<>"","Sim","Não")) | BO7: =IF(A7="","",IF(OR(BM7=8,BM7=9,BM7=10,BM7=11,BM7=15),"Sim","Não")) | BP7: =IF(A7="","",IF(AND(BM7>=12,BM7<=14),"Sim","Não")) | BQ7: =IF(A7="","",IF(OR(AND(BM7>=16,BM7<=20),BR7<>""),"Sim","Não")) | BS7: =IF(A7="","",IF(OR(BM7=18,BM7=19,BM7=20),"Sim","Não")) | BT7: =IF(C7="","",IF(BV7=0,"Sem posição registrada",IFERROR(INDEX(POSICOES!$E:$E,MATCH(C7&"#"&ROUND(BV7*1440,0),POSICOES!$R:$R,0)),"?"))) | BU7: =IF(OR(C7="",BV7=0),"",IFERROR(INDEX(POSICOES!$F:$F,MATCH(C7&"#"&ROUND(BV7*1440,0),POSICOES!$R:$R,0))&"/"&INDEX(POSICOES!$G:$G,MATCH(C7&"#"&ROUND(BV7*1440,0),POSICOES!$R:$R,0))&" - "&INDEX(POSICOES!$H:$H,MATCH(C7&"#"&ROUND(BV7*1440,0),POSICOES!$R:$R,0)),"")) | BV7: =IF(C7="",0,SUMPRODUCT(MAX((POSICOES!$C$2:$C$3000=C7)*POSICOES!$B$2:$B$3000))) -> 0 | BW7: =IF(OR(BV7=0,BM7=0,BM7>=20),"",ROUND((NOW()-BV7)*24,1)) | BX7: =IF(BW7="","",IF(BW7<P_SINAL_ALERTA,"Online",IF(BW7<P_SINAL_CRIT,"Sem sinal 1-4h","Sem sinal >4h"))) | CA7: =IF(A7="","",IF(COUNTIFS(FRONTEIRA!$B$2:$B$2000,A7,FRONTEIRA!$AA$2:$AA$2000,"Sim")=0,"",ROUND(SUMIFS(FRONTEIRA!$Y$2:$Y$2000,FRONTEIRA!$B$2:$B$2000,A7,FRONTEIRA!$AA$2:$AA$2000,"Sim"),1))) | CB7: =IF(A7="","",IFERROR(INDEX(FRONTEIRA!$L:$L,MATCH(A7,FRONTEIRA!$B:$B,0)),"")) | CC7: =IF(A7="","",IF(COUNTIFS(OCORRENCIAS!$B$2:$B$2000,A7,OCORRENCIAS!$Z$2:$Z$2000,"Sim")>0,"Sim","Não")) | CD7: =IF(A7="","",IF(AND(N7="Sim",Q7="Sim",OR(U7="Sim",U7="N/A"),V7="Sim",M7<>"Inapto",AZ7="Sim",AV7="Sim",BB7="Sim",BF7="Sim",OR(BK7="Sim",BK7="N/A"),OR(T7="",AB7="",AB7<=T7),OR(AH7<>"Sim",CE7="Sim")),"APTO","BLOQUEADO")) | CF7: =IF(N7<>"Sim","Motorista GR; ","")&IF(Q7<>"Sim","Motorista seguradora; ","")&IF(U7="Não","Motorista 2; ","")&IF(V7<>"Sim","Veículo GR; ","")&IF(M7="Inapto","Documentos do motorista; ","")&IF(AZ7<>"Sim","Checklist; ","")&IF(AV7<>"Sim","Espelhamento; ","")&IF(BB7<>"Sim","SMP; ","")&IF(BF7<>"Sim","Averbação; ","")&IF(BK7="Não","Docs internacionais; ","")&IF(AND(T7<>"",AB7<>"",AB7>T7),"Valor acima do perfil; ","")&IF(AND(AH7="Sim",CE7<>"Sim"),"Acima do LMG sem aprovação; ","") -> Motorista GR; Motorista seguradora; Veículo GR; Checklist; Espelhamento; SMP; Averbação; | CG7: =IF(A7="","",IF(CF7="","Nenhuma",LEFT(CF7,LEN(CF7)-2))) | CH7: =IF(A7="","",IF(AND(OR(BO7="Sim",BP7="Sim"),CD7="BLOQUEADO"),"Sim","Não")) | CI7: =IF(OR(C7="",BM7=0,BM7>=20),"Não",IF(B7=SUMPRODUCT(MAX((C$2:C$2000=C7)*(BM$2:BM$2000>0)*(BM$2:BM$2000<20)*B$2:B$2000)),"Sim","Não")) -> Não | CJ7: =IF(A7="","","Viagem "&A7&" - Placa "&C7&" - "&BL7&" - Local: "&BT7&" - Motorista: "&I7&" (GR: "&N7&"; Seguradora: "&Q7&") - Rastreador: "&AR7&" no "&AS7&" - Espelhado: "&AV7&" - Checklist: "&AZ7&" - SMP: "&BB7&" - Averbado: "&BF7&" - Apto: "&CD7&" - Pendencias: "&CG7) | CP7: =IF(OR(CN7="",BM7<7,BM7>=20),"",IF((NOW()-CN7)*24>P_ATUALIZ_MAX_H,"Sim","Não"))
F8: =IF(C8="","",IFERROR(INDEX(VEICULOS!$C:$C,MATCH(C8,VEICULOS!$A:$A,0)),"?")&IF(D8="",""," + "&IFERROR(INDEX(VEICULOS!$C:$C,MATCH(D8,VEICULOS!$A:$A,0)),"?"))&IF(E8="",""," + "&IFERROR(INDEX(VEICULOS!$C:$C,MATCH(E8,VEICULOS!$A:$A,0)),"?"))) | G8: =IF(C8="","",IFERROR(INDEX(VEICULOS!$I:$I,MATCH(C8,VEICULOS!$A:$A,0)),"Não cadastrado")) | I8: =IF(H8="","",IFERROR(INDEX(MOTORISTAS!$B:$B,MATCH(H8,MOTORISTAS!$A:$A,0)),"Não cadastrado")) | L8: =IF(K8="","",IFERROR(INDEX(MOTORISTAS!$B:$B,MATCH(K8,MOTORISTAS!$A:$A,0)),"Não cadastrado")) | M8: =IF(H8="","",IFERROR(INDEX(MOTORISTAS!$AA:$AA,MATCH(H8,MOTORISTAS!$A:$A,0)),"Não cadastrado")) | N8: =IF(H8="","",IF(COUNTIFS(CONSULTAS!$C$2:$C$2000,H8,CONSULTAS!$E$2:$E$2000,"GR",CONSULTAS!$S$2:$S$2000,"Sim")>0,"Sim","Não")) | O8: =IF(H8="","",IFERROR(INDEX(CONSULTAS!$L:$L,MATCH(H8&"#GR",CONSULTAS!$T:$T,0)),"—")) | P8: =IF(H8="","",IFERROR(INDEX(CONSULTAS!$Q:$Q,MATCH(H8&"#GR",CONSULTAS!$T:$T,0)),"")) | Q8: =IF(H8="","",IF(COUNTIFS(CONSULTAS!$C$2:$C$2000,H8,CONSULTAS!$E$2:$E$2000,"Seguradora",CONSULTAS!$S$2:$S$2000,"Sim")>0,"Sim","Não")) | R8: =IF(H8="","",IFERROR(INDEX(CONSULTAS!$L:$L,MATCH(H8&"#Seguradora",CONSULTAS!$T:$T,0)),"—")) | S8: =IF(H8="","",IFERROR(INDEX(CONSULTAS!$Q:$Q,MATCH(H8&"#Seguradora",CONSULTAS!$T:$T,0)),"")) | T8: =IF(H8="","",IFERROR(INDEX(CONSULTAS!$N:$N,MATCH(H8&"#GR",CONSULTAS!$T:$T,0)),"")) | U8: =IF(K8="","N/A",IF(AND(COUNTIFS(CONSULTAS!$C$2:$C$2000,K8,CONSULTAS!$E$2:$E$2000,"GR",CONSULTAS!$S$2:$S$2000,"Sim")>0,COUNTIFS(CONSULTAS!$C$2:$C$2000,K8,CONSULTAS!$E$2:$E$2000,"Seguradora",CONSULTAS!$S$2:$S$2000,"Sim")>0),"Sim","Não")) -> N/A | V8: =IF(C8="","",IFERROR(INDEX(VEICULOS!$X:$X,MATCH(C8,VEICULOS!$A:$A,0)),"Não")) | AB8: =IF(Z8="","",IF(AA8="USD",Z8*P_TAXA_USD,Z8)) | AC8: =IF(OR(Y8="",AB8=""),0,SUMPRODUCT((PGR_REGRAS!$C$2:$C$61=Y8)*(PGR_REGRAS!$D$2:$D$61<=AB8)*(PGR_REGRAS!$E$2:$E$61>=AB8)*(PGR_REGRAS!$C$2:$C$61<>"")*ROW(PGR_REGRAS!$C$2:$C$61))) -> 0 | AD8: =IF(AC8=0,IF(Y8="","","Sem regra - consultar seguradora"),INDEX(PGR_REGRAS!$A:$A,AC8)) | AE8: =IF(AC8=0,"",INDEX(PGR_REGRAS!$T:$T,AC8)) | AF8: =IF(AC8=0,"",INDEX(PGR_REGRAS!$I:$I,AC8)) | AG8: =IF(AC8=0,"",INDEX(PGR_REGRAS!$K:$K,AC8)) | AH8: =IF(AB8="","",IF(AB8>P_LMG_REF,"Sim","Não")) | AR8: =IF(C8="","",IFERROR(INDEX(RASTREADORES!$F:$F,MATCH(C8&"#Principal",RASTREADORES!$Y:$Y,0))&" ("&INDEX(RASTREADORES!$G:$G,MATCH(C8&"#Principal",RASTREADORES!$Y:$Y,0))&")","Sem rastreador principal")) | AS8: =IF(C8="","",IFERROR(INDEX(RASTREADORES!$H:$H,MATCH(C8&"#Principal",RASTREADORES!$Y:$Y,0)),"—")) | AT8: =IF(C8="","",IFERROR(INDEX(RASTREADORES!$A:$A,MATCH(C8&"#Redundante",RASTREADORES!$Y:$Y,0)),IFERROR(INDEX(RASTREADORES!$A:$A,MATCH(C8&"#Isca retornável",RASTREADORES!$Y:$Y,0)),IFERROR(INDEX(RASTREADORES!$A:$A,MATCH(C8&"#Isca descartável",RASTREADORES!$Y:$Y,0)),"Nenhum")))) | AU8: =IF(C8="","",IFERROR(INDEX(RASTREADORES!$L:$L,MATCH(C8&"#Principal",RASTREADORES!$Y:$Y,0)),"")) | AV8: =IF(C8="","",IF(COUNTIFS(ESPELHAMENTOS!$B$2:$B$2000,C8,ESPELHAMENTOS!$O$2:$O$2000,"Sim")>0,"Sim","Não")) | AW8: =IF(C8="","",COUNTIFS(ESPELHAMENTOS!$B$2:$B$2000,C8,ESPELHAMENTOS!$O$2:$O$2000,"Sim")) | AX8: =IF(C8="","",IF(COUNTIFS(ESPELHAMENTOS!$B$2:$B$2000,C8,ESPELHAMENTOS!$O$2:$O$2000,"Sim",ESPELHAMENTOS!$E$2:$E$2000,"GR transportadora")>0,"Sim","Não")) | AY8: =IF(OR(AQ8="",C8=""),"",IFERROR(ROUND((AQ8-SUMPRODUCT(MIN((ESPELHAMENTOS!$C$2:$C$2000=A8)*ESPELHAMENTOS!$H$2:$H$2000+(ESPELHAMENTOS!$C$2:$C$2000<>A8)*99999)))*24,1),"")) | AZ8: =IF(C8="","",IF(COUNTIFS(CHECKLISTS!$B$2:$B$2000,C8,CHECKLISTS!$AH$2:$AH$2000,"Válido",CHECKLISTS!$AG$2:$AG$2000,">="&INT(IF(AO8="",TODAY(),AO8)))+COUNTIFS(CHECKLISTS!$B$2:$B$2000,C8,CHECKLISTS!$AH$2:$AH$2000,"Vence <=7d",CHECKLISTS!$AG$2:$AG$2000,">="&INT(IF(AO8="",TODAY(),AO8)))>0,"Sim","Não")) | BA8: =IF(C8="","",IF(COUNTIFS(CHECKLISTS!$B$2:$B$2000,C8,CHECKLISTS!$AF$2:$AF$2000,"Aprovado")=0,"",SUMPRODUCT(MAX((CHECKLISTS!$B$2:$B$2000=C8)*CHECKLISTS!$AG$2:$AG$2000)))) | BB8: =IF(A8="","",IF(COUNTIFS(SMP!$B$2:$B$2000,A8,SMP!$I$2:$I$2000,"Liberada")+COUNTIFS(SMP!$B$2:$B$2000,A8,SMP!$I$2:$I$2000,"Em andamento")+COUNTIFS(SMP!$B$2:$B$2000,A8,SMP!$I$2:$I$2000,"Finalizada")>0,"Sim","Não")) | BC8: =IF(A8="","",IFERROR(INDEX(SMP!$A:$A,MATCH(A8,SMP!$B:$B,0)),"—")) | BD8: =IF(A8="","",IFERROR(INDEX(SMP!$I:$I,MATCH(A8,SMP!$B:$B,0)),"Não aberta")) | BE8: =IF(A8="","",IFERROR(INDEX(SMP!$D:$D,MATCH(A8,SMP!$B:$B,0)),"")) | BF8: =IF(A8="","",IF(COUNTIFS(AVERBACOES!$B$2:$B$2000,A8,AVERBACOES!$Q$2:$Q$2000,"Averbado completo")+COUNTIFS(AVERBACOES!$B$2:$B$2000,A8,AVERBACOES!$Q$2:$Q$2000,"Averbado CRT")+COUNTIFS(AVERBACOES!$B$2:$B$2000,A8,AVERBACOES!$Q$2:$Q$2000,"Averbado CT-e")+COUNTIFS(AVERBACOES!$B$2:$B$2000,A8,AVERBACOES!$Q$2:$Q$2000,"Averbado MDF-e")+COUNTIFS(AVERBACOES!$B$2:$B$2000,A8,AVERBACOES!$Q$2:$Q$2000,"Averbado pelo embarcador")>0,"Sim","Não")) | BG8: =IF(A8="","",IFERROR(INDEX(AVERBACOES!$L:$L,MATCH(A8,AVERBACOES!$B:$B,0)),"—")) | BM8: =IF(BL8="",0,VALUE(LEFT(BL8,2))) -> 0 | BN8: =IF(A8="","",IF(AP8<>"","Sim","Não")) | BO8: =IF(A8="","",IF(OR(BM8=8,BM8=9,BM8=10,BM8=11,BM8=15),"Sim","Não")) | BP8: =IF(A8="","",IF(AND(BM8>=12,BM8<=14),"Sim","Não")) | BQ8: =IF(A8="","",IF(OR(AND(BM8>=16,BM8<=20),BR8<>""),"Sim","Não")) | BS8: =IF(A8="","",IF(OR(BM8=18,BM8=19,BM8=20),"Sim","Não")) | BT8: =IF(C8="","",IF(BV8=0,"Sem posição registrada",IFERROR(INDEX(POSICOES!$E:$E,MATCH(C8&"#"&ROUND(BV8*1440,0),POSICOES!$R:$R,0)),"?"))) | BU8: =IF(OR(C8="",BV8=0),"",IFERROR(INDEX(POSICOES!$F:$F,MATCH(C8&"#"&ROUND(BV8*1440,0),POSICOES!$R:$R,0))&"/"&INDEX(POSICOES!$G:$G,MATCH(C8&"#"&ROUND(BV8*1440,0),POSICOES!$R:$R,0))&" - "&INDEX(POSICOES!$H:$H,MATCH(C8&"#"&ROUND(BV8*1440,0),POSICOES!$R:$R,0)),"")) | BV8: =IF(C8="",0,SUMPRODUCT(MAX((POSICOES!$C$2:$C$3000=C8)*POSICOES!$B$2:$B$3000))) -> 0 | BW8: =IF(OR(BV8=0,BM8=0,BM8>=20),"",ROUND((NOW()-BV8)*24,1)) | BX8: =IF(BW8="","",IF(BW8<P_SINAL_ALERTA,"Online",IF(BW8<P_SINAL_CRIT,"Sem sinal 1-4h","Sem sinal >4h"))) | CA8: =IF(A8="","",IF(COUNTIFS(FRONTEIRA!$B$2:$B$2000,A8,FRONTEIRA!$AA$2:$AA$2000,"Sim")=0,"",ROUND(SUMIFS(FRONTEIRA!$Y$2:$Y$2000,FRONTEIRA!$B$2:$B$2000,A8,FRONTEIRA!$AA$2:$AA$2000,"Sim"),1))) | CB8: =IF(A8="","",IFERROR(INDEX(FRONTEIRA!$L:$L,MATCH(A8,FRONTEIRA!$B:$B,0)),"")) | CC8: =IF(A8="","",IF(COUNTIFS(OCORRENCIAS!$B$2:$B$2000,A8,OCORRENCIAS!$Z$2:$Z$2000,"Sim")>0,"Sim","Não")) | CD8: =IF(A8="","",IF(AND(N8="Sim",Q8="Sim",OR(U8="Sim",U8="N/A"),V8="Sim",M8<>"Inapto",AZ8="Sim",AV8="Sim",BB8="Sim",BF8="Sim",OR(BK8="Sim",BK8="N/A"),OR(T8="",AB8="",AB8<=T8),OR(AH8<>"Sim",CE8="Sim")),"APTO","BLOQUEADO")) | CF8: =IF(N8<>"Sim","Motorista GR; ","")&IF(Q8<>"Sim","Motorista seguradora; ","")&IF(U8="Não","Motorista 2; ","")&IF(V8<>"Sim","Veículo GR; ","")&IF(M8="Inapto","Documentos do motorista; ","")&IF(AZ8<>"Sim","Checklist; ","")&IF(AV8<>"Sim","Espelhamento; ","")&IF(BB8<>"Sim","SMP; ","")&IF(BF8<>"Sim","Averbação; ","")&IF(BK8="Não","Docs internacionais; ","")&IF(AND(T8<>"",AB8<>"",AB8>T8),"Valor acima do perfil; ","")&IF(AND(AH8="Sim",CE8<>"Sim"),"Acima do LMG sem aprovação; ","") -> Motorista GR; Motorista seguradora; Veículo GR; Checklist; Espelhamento; SMP; Averbação; | CG8: =IF(A8="","",IF(CF8="","Nenhuma",LEFT(CF8,LEN(CF8)-2))) | CH8: =IF(A8="","",IF(AND(OR(BO8="Sim",BP8="Sim"),CD8="BLOQUEADO"),"Sim","Não")) | CI8: =IF(OR(C8="",BM8=0,BM8>=20),"Não",IF(B8=SUMPRODUCT(MAX((C$2:C$2000=C8)*(BM$2:BM$2000>0)*(BM$2:BM$2000<20)*B$2:B$2000)),"Sim","Não")) -> Não | CJ8: =IF(A8="","","Viagem "&A8&" - Placa "&C8&" - "&BL8&" - Local: "&BT8&" - Motorista: "&I8&" (GR: "&N8&"; Seguradora: "&Q8&") - Rastreador: "&AR8&" no "&AS8&" - Espelhado: "&AV8&" - Checklist: "&AZ8&" - SMP: "&BB8&" - Averbado: "&BF8&" - Apto: "&CD8&" - Pendencias: "&CG8) | CP8: =IF(OR(CN8="",BM8<7,BM8>=20),"",IF((NOW()-CN8)*24>P_ATUALIZ_MAX_H,"Sim","Não"))
F9: =IF(C9="","",IFERROR(INDEX(VEICULOS!$C:$C,MATCH(C9,VEICULOS!$A:$A,0)),"?")&IF(D9="",""," + "&IFERROR(INDEX(VEICULOS!$C:$C,MATCH(D9,VEICULOS!$A:$A,0)),"?"))&IF(E9="",""," + "&IFERROR(INDEX(VEICULOS!$C:$C,MATCH(E9,VEICULOS!$A:$A,0)),"?"))) | G9: =IF(C9="","",IFERROR(INDEX(VEICULOS!$I:$I,MATCH(C9,VEICULOS!$A:$A,0)),"Não cadastrado")) | I9: =IF(H9="","",IFERROR(INDEX(MOTORISTAS!$B:$B,MATCH(H9,MOTORISTAS!$A:$A,0)),"Não cadastrado")) | L9: =IF(K9="","",IFERROR(INDEX(MOTORISTAS!$B:$B,MATCH(K9,MOTORISTAS!$A:$A,0)),"Não cadastrado")) | M9: =IF(H9="","",IFERROR(INDEX(MOTORISTAS!$AA:$AA,MATCH(H9,MOTORISTAS!$A:$A,0)),"Não cadastrado")) | N9: =IF(H9="","",IF(COUNTIFS(CONSULTAS!$C$2:$C$2000,H9,CONSULTAS!$E$2:$E$2000,"GR",CONSULTAS!$S$2:$S$2000,"Sim")>0,"Sim","Não")) | O9: =IF(H9="","",IFERROR(INDEX(CONSULTAS!$L:$L,MATCH(H9&"#GR",CONSULTAS!$T:$T,0)),"—")) | P9: =IF(H9="","",IFERROR(INDEX(CONSULTAS!$Q:$Q,MATCH(H9&"#GR",CONSULTAS!$T:$T,0)),"")) | Q9: =IF(H9="","",IF(COUNTIFS(CONSULTAS!$C$2:$C$2000,H9,CONSULTAS!$E$2:$E$2000,"Seguradora",CONSULTAS!$S$2:$S$2000,"Sim")>0,"Sim","Não")) | R9: =IF(H9="","",IFERROR(INDEX(CONSULTAS!$L:$L,MATCH(H9&"#Seguradora",CONSULTAS!$T:$T,0)),"—")) | S9: =IF(H9="","",IFERROR(INDEX(CONSULTAS!$Q:$Q,MATCH(H9&"#Seguradora",CONSULTAS!$T:$T,0)),"")) | T9: =IF(H9="","",IFERROR(INDEX(CONSULTAS!$N:$N,MATCH(H9&"#GR",CONSULTAS!$T:$T,0)),"")) | U9: =IF(K9="","N/A",IF(AND(COUNTIFS(CONSULTAS!$C$2:$C$2000,K9,CONSULTAS!$E$2:$E$2000,"GR",CONSULTAS!$S$2:$S$2000,"Sim")>0,COUNTIFS(CONSULTAS!$C$2:$C$2000,K9,CONSULTAS!$E$2:$E$2000,"Seguradora",CONSULTAS!$S$2:$S$2000,"Sim")>0),"Sim","Não")) -> N/A | V9: =IF(C9="","",IFERROR(INDEX(VEICULOS!$X:$X,MATCH(C9,VEICULOS!$A:$A,0)),"Não")) | AB9: =IF(Z9="","",IF(AA9="USD",Z9*P_TAXA_USD,Z9)) | AC9: =IF(OR(Y9="",AB9=""),0,SUMPRODUCT((PGR_REGRAS!$C$2:$C$61=Y9)*(PGR_REGRAS!$D$2:$D$61<=AB9)*(PGR_REGRAS!$E$2:$E$61>=AB9)*(PGR_REGRAS!$C$2:$C$61<>"")*ROW(PGR_REGRAS!$C$2:$C$61))) -> 0 | AD9: =IF(AC9=0,IF(Y9="","","Sem regra - consultar seguradora"),INDEX(PGR_REGRAS!$A:$A,AC9)) | AE9: =IF(AC9=0,"",INDEX(PGR_REGRAS!$T:$T,AC9)) | AF9: =IF(AC9=0,"",INDEX(PGR_REGRAS!$I:$I,AC9)) | AG9: =IF(AC9=0,"",INDEX(PGR_REGRAS!$K:$K,AC9)) | AH9: =IF(AB9="","",IF(AB9>P_LMG_REF,"Sim","Não")) | AR9: =IF(C9="","",IFERROR(INDEX(RASTREADORES!$F:$F,MATCH(C9&"#Principal",RASTREADORES!$Y:$Y,0))&" ("&INDEX(RASTREADORES!$G:$G,MATCH(C9&"#Principal",RASTREADORES!$Y:$Y,0))&")","Sem rastreador principal")) | AS9: =IF(C9="","",IFERROR(INDEX(RASTREADORES!$H:$H,MATCH(C9&"#Principal",RASTREADORES!$Y:$Y,0)),"—")) | AT9: =IF(C9="","",IFERROR(INDEX(RASTREADORES!$A:$A,MATCH(C9&"#Redundante",RASTREADORES!$Y:$Y,0)),IFERROR(INDEX(RASTREADORES!$A:$A,MATCH(C9&"#Isca retornável",RASTREADORES!$Y:$Y,0)),IFERROR(INDEX(RASTREADORES!$A:$A,MATCH(C9&"#Isca descartável",RASTREADORES!$Y:$Y,0)),"Nenhum")))) | AU9: =IF(C9="","",IFERROR(INDEX(RASTREADORES!$L:$L,MATCH(C9&"#Principal",RASTREADORES!$Y:$Y,0)),"")) | AV9: =IF(C9="","",IF(COUNTIFS(ESPELHAMENTOS!$B$2:$B$2000,C9,ESPELHAMENTOS!$O$2:$O$2000,"Sim")>0,"Sim","Não")) | AW9: =IF(C9="","",COUNTIFS(ESPELHAMENTOS!$B$2:$B$2000,C9,ESPELHAMENTOS!$O$2:$O$2000,"Sim")) | AX9: =IF(C9="","",IF(COUNTIFS(ESPELHAMENTOS!$B$2:$B$2000,C9,ESPELHAMENTOS!$O$2:$O$2000,"Sim",ESPELHAMENTOS!$E$2:$E$2000,"GR transportadora")>0,"Sim","Não")) | AY9: =IF(OR(AQ9="",C9=""),"",IFERROR(ROUND((AQ9-SUMPRODUCT(MIN((ESPELHAMENTOS!$C$2:$C$2000=A9)*ESPELHAMENTOS!$H$2:$H$2000+(ESPELHAMENTOS!$C$2:$C$2000<>A9)*99999)))*24,1),"")) | AZ9: =IF(C9="","",IF(COUNTIFS(CHECKLISTS!$B$2:$B$2000,C9,CHECKLISTS!$AH$2:$AH$2000,"Válido",CHECKLISTS!$AG$2:$AG$2000,">="&INT(IF(AO9="",TODAY(),AO9)))+COUNTIFS(CHECKLISTS!$B$2:$B$2000,C9,CHECKLISTS!$AH$2:$AH$2000,"Vence <=7d",CHECKLISTS!$AG$2:$AG$2000,">="&INT(IF(AO9="",TODAY(),AO9)))>0,"Sim","Não")) | BA9: =IF(C9="","",IF(COUNTIFS(CHECKLISTS!$B$2:$B$2000,C9,CHECKLISTS!$AF$2:$AF$2000,"Aprovado")=0,"",SUMPRODUCT(MAX((CHECKLISTS!$B$2:$B$2000=C9)*CHECKLISTS!$AG$2:$AG$2000)))) | BB9: =IF(A9="","",IF(COUNTIFS(SMP!$B$2:$B$2000,A9,SMP!$I$2:$I$2000,"Liberada")+COUNTIFS(SMP!$B$2:$B$2000,A9,SMP!$I$2:$I$2000,"Em andamento")+COUNTIFS(SMP!$B$2:$B$2000,A9,SMP!$I$2:$I$2000,"Finalizada")>0,"Sim","Não")) | BC9: =IF(A9="","",IFERROR(INDEX(SMP!$A:$A,MATCH(A9,SMP!$B:$B,0)),"—")) | BD9: =IF(A9="","",IFERROR(INDEX(SMP!$I:$I,MATCH(A9,SMP!$B:$B,0)),"Não aberta")) | BE9: =IF(A9="","",IFERROR(INDEX(SMP!$D:$D,MATCH(A9,SMP!$B:$B,0)),"")) | BF9: =IF(A9="","",IF(COUNTIFS(AVERBACOES!$B$2:$B$2000,A9,AVERBACOES!$Q$2:$Q$2000,"Averbado completo")+COUNTIFS(AVERBACOES!$B$2:$B$2000,A9,AVERBACOES!$Q$2:$Q$2000,"Averbado CRT")+COUNTIFS(AVERBACOES!$B$2:$B$2000,A9,AVERBACOES!$Q$2:$Q$2000,"Averbado CT-e")+COUNTIFS(AVERBACOES!$B$2:$B$2000,A9,AVERBACOES!$Q$2:$Q$2000,"Averbado MDF-e")+COUNTIFS(AVERBACOES!$B$2:$B$2000,A9,AVERBACOES!$Q$2:$Q$2000,"Averbado pelo embarcador")>0,"Sim","Não")) | BG9: =IF(A9="","",IFERROR(INDEX(AVERBACOES!$L:$L,MATCH(A9,AVERBACOES!$B:$B,0)),"—")) | BM9: =IF(BL9="",0,VALUE(LEFT(BL9,2))) -> 0 | BN9: =IF(A9="","",IF(AP9<>"","Sim","Não")) | BO9: =IF(A9="","",IF(OR(BM9=8,BM9=9,BM9=10,BM9=11,BM9=15),"Sim","Não")) | BP9: =IF(A9="","",IF(AND(BM9>=12,BM9<=14),"Sim","Não")) | BQ9: =IF(A9="","",IF(OR(AND(BM9>=16,BM9<=20),BR9<>""),"Sim","Não")) | BS9: =IF(A9="","",IF(OR(BM9=18,BM9=19,BM9=20),"Sim","Não")) | BT9: =IF(C9="","",IF(BV9=0,"Sem posição registrada",IFERROR(INDEX(POSICOES!$E:$E,MATCH(C9&"#"&ROUND(BV9*1440,0),POSICOES!$R:$R,0)),"?"))) | BU9: =IF(OR(C9="",BV9=0),"",IFERROR(INDEX(POSICOES!$F:$F,MATCH(C9&"#"&ROUND(BV9*1440,0),POSICOES!$R:$R,0))&"/"&INDEX(POSICOES!$G:$G,MATCH(C9&"#"&ROUND(BV9*1440,0),POSICOES!$R:$R,0))&" - "&INDEX(POSICOES!$H:$H,MATCH(C9&"#"&ROUND(BV9*1440,0),POSICOES!$R:$R,0)),"")) | BV9: =IF(C9="",0,SUMPRODUCT(MAX((POSICOES!$C$2:$C$3000=C9)*POSICOES!$B$2:$B$3000))) -> 0 | BW9: =IF(OR(BV9=0,BM9=0,BM9>=20),"",ROUND((NOW()-BV9)*24,1)) | BX9: =IF(BW9="","",IF(BW9<P_SINAL_ALERTA,"Online",IF(BW9<P_SINAL_CRIT,"Sem sinal 1-4h","Sem sinal >4h"))) | CA9: =IF(A9="","",IF(COUNTIFS(FRONTEIRA!$B$2:$B$2000,A9,FRONTEIRA!$AA$2:$AA$2000,"Sim")=0,"",ROUND(SUMIFS(FRONTEIRA!$Y$2:$Y$2000,FRONTEIRA!$B$2:$B$2000,A9,FRONTEIRA!$AA$2:$AA$2000,"Sim"),1))) | CB9: =IF(A9="","",IFERROR(INDEX(FRONTEIRA!$L:$L,MATCH(A9,FRONTEIRA!$B:$B,0)),"")) | CC9: =IF(A9="","",IF(COUNTIFS(OCORRENCIAS!$B$2:$B$2000,A9,OCORRENCIAS!$Z$2:$Z$2000,"Sim")>0,"Sim","Não")) | CD9: =IF(A9="","",IF(AND(N9="Sim",Q9="Sim",OR(U9="Sim",U9="N/A"),V9="Sim",M9<>"Inapto",AZ9="Sim",AV9="Sim",BB9="Sim",BF9="Sim",OR(BK9="Sim",BK9="N/A"),OR(T9="",AB9="",AB9<=T9),OR(AH9<>"Sim",CE9="Sim")),"APTO","BLOQUEADO")) | CF9: =IF(N9<>"Sim","Motorista GR; ","")&IF(Q9<>"Sim","Motorista seguradora; ","")&IF(U9="Não","Motorista 2; ","")&IF(V9<>"Sim","Veículo GR; ","")&IF(M9="Inapto","Documentos do motorista; ","")&IF(AZ9<>"Sim","Checklist; ","")&IF(AV9<>"Sim","Espelhamento; ","")&IF(BB9<>"Sim","SMP; ","")&IF(BF9<>"Sim","Averbação; ","")&IF(BK9="Não","Docs internacionais; ","")&IF(AND(T9<>"",AB9<>"",AB9>T9),"Valor acima do perfil; ","")&IF(AND(AH9="Sim",CE9<>"Sim"),"Acima do LMG sem aprovação; ","") -> Motorista GR; Motorista seguradora; Veículo GR; Checklist; Espelhamento; SMP; Averbação; | CG9: =IF(A9="","",IF(CF9="","Nenhuma",LEFT(CF9,LEN(CF9)-2))) | CH9: =IF(A9="","",IF(AND(OR(BO9="Sim",BP9="Sim"),CD9="BLOQUEADO"),"Sim","Não")) | CI9: =IF(OR(C9="",BM9=0,BM9>=20),"Não",IF(B9=SUMPRODUCT(MAX((C$2:C$2000=C9)*(BM$2:BM$2000>0)*(BM$2:BM$2000<20)*B$2:B$2000)),"Sim","Não")) -> Não | CJ9: =IF(A9="","","Viagem "&A9&" - Placa "&C9&" - "&BL9&" - Local: "&BT9&" - Motorista: "&I9&" (GR: "&N9&"; Seguradora: "&Q9&") - Rastreador: "&AR9&" no "&AS9&" - Espelhado: "&AV9&" - Checklist: "&AZ9&" - SMP: "&BB9&" - Averbado: "&BF9&" - Apto: "&CD9&" - Pendencias: "&CG9) | CP9: =IF(OR(CN9="",BM9<7,BM9>=20),"",IF((NOW()-CN9)*24>P_ATUALIZ_MAX_H,"Sim","Não"))
F10: =IF(C10="","",IFERROR(INDEX(VEICULOS!$C:$C,MATCH(C10,VEICULOS!$A:$A,0)),"?")&IF(D10="",""," + "&IFERROR(INDEX(VEICULOS!$C:$C,MATCH(D10,VEICULOS!$A:$A,0)),"?"))&IF(E10="",""," + "&IFERROR(INDEX(VEICULOS!$C:$C,MATCH(E10,VEICULOS!$A:$A,0)),"?"))) | G10: =IF(C10="","",IFERROR(INDEX(VEICULOS!$I:$I,MATCH(C10,VEICULOS!$A:$A,0)),"Não cadastrado")) | I10: =IF(H10="","",IFERROR(INDEX(MOTORISTAS!$B:$B,MATCH(H10,MOTORISTAS!$A:$A,0)),"Não cadastrado")) | L10: =IF(K10="","",IFERROR(INDEX(MOTORISTAS!$B:$B,MATCH(K10,MOTORISTAS!$A:$A,0)),"Não cadastrado")) | M10: =IF(H10="","",IFERROR(INDEX(MOTORISTAS!$AA:$AA,MATCH(H10,MOTORISTAS!$A:$A,0)),"Não cadastrado")) | N10: =IF(H10="","",IF(COUNTIFS(CONSULTAS!$C$2:$C$2000,H10,CONSULTAS!$E$2:$E$2000,"GR",CONSULTAS!$S$2:$S$2000,"Sim")>0,"Sim","Não")) | O10: =IF(H10="","",IFERROR(INDEX(CONSULTAS!$L:$L,MATCH(H10&"#GR",CONSULTAS!$T:$T,0)),"—")) | P10: =IF(H10="","",IFERROR(INDEX(CONSULTAS!$Q:$Q,MATCH(H10&"#GR",CONSULTAS!$T:$T,0)),"")) | Q10: =IF(H10="","",IF(COUNTIFS(CONSULTAS!$C$2:$C$2000,H10,CONSULTAS!$E$2:$E$2000,"Seguradora",CONSULTAS!$S$2:$S$2000,"Sim")>0,"Sim","Não")) | R10: =IF(H10="","",IFERROR(INDEX(CONSULTAS!$L:$L,MATCH(H10&"#Seguradora",CONSULTAS!$T:$T,0)),"—")) | S10: =IF(H10="","",IFERROR(INDEX(CONSULTAS!$Q:$Q,MATCH(H10&"#Seguradora",CONSULTAS!$T:$T,0)),"")) | T10: =IF(H10="","",IFERROR(INDEX(CONSULTAS!$N:$N,MATCH(H10&"#GR",CONSULTAS!$T:$T,0)),"")) | U10: =IF(K10="","N/A",IF(AND(COUNTIFS(CONSULTAS!$C$2:$C$2000,K10,CONSULTAS!$E$2:$E$2000,"GR",CONSULTAS!$S$2:$S$2000,"Sim")>0,COUNTIFS(CONSULTAS!$C$2:$C$2000,K10,CONSULTAS!$E$2:$E$2000,"Seguradora",CONSULTAS!$S$2:$S$2000,"Sim")>0),"Sim","Não")) -> N/A | V10: =IF(C10="","",IFERROR(INDEX(VEICULOS!$X:$X,MATCH(C10,VEICULOS!$A:$A,0)),"Não")) | AB10: =IF(Z10="","",IF(AA10="USD",Z10*P_TAXA_USD,Z10)) | AC10: =IF(OR(Y10="",AB10=""),0,SUMPRODUCT((PGR_REGRAS!$C$2:$C$61=Y10)*(PGR_REGRAS!$D$2:$D$61<=AB10)*(PGR_REGRAS!$E$2:$E$61>=AB10)*(PGR_REGRAS!$C$2:$C$61<>"")*ROW(PGR_REGRAS!$C$2:$C$61))) -> 0 | AD10: =IF(AC10=0,IF(Y10="","","Sem regra - consultar seguradora"),INDEX(PGR_REGRAS!$A:$A,AC10)) | AE10: =IF(AC10=0,"",INDEX(PGR_REGRAS!$T:$T,AC10)) | AF10: =IF(AC10=0,"",INDEX(PGR_REGRAS!$I:$I,AC10)) | AG10: =IF(AC10=0,"",INDEX(PGR_REGRAS!$K:$K,AC10)) | AH10: =IF(AB10="","",IF(AB10>P_LMG_REF,"Sim","Não")) | AR10: =IF(C10="","",IFERROR(INDEX(RASTREADORES!$F:$F,MATCH(C10&"#Principal",RASTREADORES!$Y:$Y,0))&" ("&INDEX(RASTREADORES!$G:$G,MATCH(C10&"#Principal",RASTREADORES!$Y:$Y,0))&")","Sem rastreador principal")) | AS10: =IF(C10="","",IFERROR(INDEX(RASTREADORES!$H:$H,MATCH(C10&"#Principal",RASTREADORES!$Y:$Y,0)),"—")) | AT10: =IF(C10="","",IFERROR(INDEX(RASTREADORES!$A:$A,MATCH(C10&"#Redundante",RASTREADORES!$Y:$Y,0)),IFERROR(INDEX(RASTREADORES!$A:$A,MATCH(C10&"#Isca retornável",RASTREADORES!$Y:$Y,0)),IFERROR(INDEX(RASTREADORES!$A:$A,MATCH(C10&"#Isca descartável",RASTREADORES!$Y:$Y,0)),"Nenhum")))) | AU10: =IF(C10="","",IFERROR(INDEX(RASTREADORES!$L:$L,MATCH(C10&"#Principal",RASTREADORES!$Y:$Y,0)),"")) | AV10: =IF(C10="","",IF(COUNTIFS(ESPELHAMENTOS!$B$2:$B$2000,C10,ESPELHAMENTOS!$O$2:$O$2000,"Sim")>0,"Sim","Não")) | AW10: =IF(C10="","",COUNTIFS(ESPELHAMENTOS!$B$2:$B$2000,C10,ESPELHAMENTOS!$O$2:$O$2000,"Sim")) | AX10: =IF(C10="","",IF(COUNTIFS(ESPELHAMENTOS!$B$2:$B$2000,C10,ESPELHAMENTOS!$O$2:$O$2000,"Sim",ESPELHAMENTOS!$E$2:$E$2000,"GR transportadora")>0,"Sim","Não")) | AY10: =IF(OR(AQ10="",C10=""),"",IFERROR(ROUND((AQ10-SUMPRODUCT(MIN((ESPELHAMENTOS!$C$2:$C$2000=A10)*ESPELHAMENTOS!$H$2:$H$2000+(ESPELHAMENTOS!$C$2:$C$2000<>A10)*99999)))*24,1),"")) | AZ10: =IF(C10="","",IF(COUNTIFS(CHECKLISTS!$B$2:$B$2000,C10,CHECKLISTS!$AH$2:$AH$2000,"Válido",CHECKLISTS!$AG$2:$AG$2000,">="&INT(IF(AO10="",TODAY(),AO10)))+COUNTIFS(CHECKLISTS!$B$2:$B$2000,C10,CHECKLISTS!$AH$2:$AH$2000,"Vence <=7d",CHECKLISTS!$AG$2:$AG$2000,">="&INT(IF(AO10="",TODAY(),AO10)))>0,"Sim","Não")) | BA10: =IF(C10="","",IF(COUNTIFS(CHECKLISTS!$B$2:$B$2000,C10,CHECKLISTS!$AF$2:$AF$2000,"Aprovado")=0,"",SUMPRODUCT(MAX((CHECKLISTS!$B$2:$B$2000=C10)*CHECKLISTS!$AG$2:$AG$2000)))) | BB10: =IF(A10="","",IF(COUNTIFS(SMP!$B$2:$B$2000,A10,SMP!$I$2:$I$2000,"Liberada")+COUNTIFS(SMP!$B$2:$B$2000,A10,SMP!$I$2:$I$2000,"Em andamento")+COUNTIFS(SMP!$B$2:$B$2000,A10,SMP!$I$2:$I$2000,"Finalizada")>0,"Sim","Não")) | BC10: =IF(A10="","",IFERROR(INDEX(SMP!$A:$A,MATCH(A10,SMP!$B:$B,0)),"—")) | BD10: =IF(A10="","",IFERROR(INDEX(SMP!$I:$I,MATCH(A10,SMP!$B:$B,0)),"Não aberta")) | BE10: =IF(A10="","",IFERROR(INDEX(SMP!$D:$D,MATCH(A10,SMP!$B:$B,0)),"")) | BF10: =IF(A10="","",IF(COUNTIFS(AVERBACOES!$B$2:$B$2000,A10,AVERBACOES!$Q$2:$Q$2000,"Averbado completo")+COUNTIFS(AVERBACOES!$B$2:$B$2000,A10,AVERBACOES!$Q$2:$Q$2000,"Averbado CRT")+COUNTIFS(AVERBACOES!$B$2:$B$2000,A10,AVERBACOES!$Q$2:$Q$2000,"Averbado CT-e")+COUNTIFS(AVERBACOES!$B$2:$B$2000,A10,AVERBACOES!$Q$2:$Q$2000,"Averbado MDF-e")+COUNTIFS(AVERBACOES!$B$2:$B$2000,A10,AVERBACOES!$Q$2:$Q$2000,"Averbado pelo embarcador")>0,"Sim","Não")) | BG10: =IF(A10="","",IFERROR(INDEX(AVERBACOES!$L:$L,MATCH(A10,AVERBACOES!$B:$B,0)),"—")) | BM10: =IF(BL10="",0,VALUE(LEFT(BL10,2))) -> 0 | BN10: =IF(A10="","",IF(AP10<>"","Sim","Não")) | BO10: =IF(A10="","",IF(OR(BM10=8,BM10=9,BM10=10,BM10=11,BM10=15),"Sim","Não")) | BP10: =IF(A10="","",IF(AND(BM10>=12,BM10<=14),"Sim","Não")) | BQ10: =IF(A10="","",IF(OR(AND(BM10>=16,BM10<=20),BR10<>""),"Sim","Não")) | BS10: =IF(A10="","",IF(OR(BM10=18,BM10=19,BM10=20),"Sim","Não")) | BT10: =IF(C10="","",IF(BV10=0,"Sem posição registrada",IFERROR(INDEX(POSICOES!$E:$E,MATCH(C10&"#"&ROUND(BV10*1440,0),POSICOES!$R:$R,0)),"?"))) | BU10: =IF(OR(C10="",BV10=0),"",IFERROR(INDEX(POSICOES!$F:$F,MATCH(C10&"#"&ROUND(BV10*1440,0),POSICOES!$R:$R,0))&"/"&INDEX(POSICOES!$G:$G,MATCH(C10&"#"&ROUND(BV10*1440,0),POSICOES!$R:$R,0))&" - "&INDEX(POSICOES!$H:$H,MATCH(C10&"#"&ROUND(BV10*1440,0),POSICOES!$R:$R,0)),"")) | BV10: =IF(C10="",0,SUMPRODUCT(MAX((POSICOES!$C$2:$C$3000=C10)*POSICOES!$B$2:$B$3000))) -> 0 | BW10: =IF(OR(BV10=0,BM10=0,BM10>=20),"",ROUND((NOW()-BV10)*24,1)) | BX10: =IF(BW10="","",IF(BW10<P_SINAL_ALERTA,"Online",IF(BW10<P_SINAL_CRIT,"Sem sinal 1-4h","Sem sinal >4h"))) | CA10: =IF(A10="","",IF(COUNTIFS(FRONTEIRA!$B$2:$B$2000,A10,FRONTEIRA!$AA$2:$AA$2000,"Sim")=0,"",ROUND(SUMIFS(FRONTEIRA!$Y$2:$Y$2000,FRONTEIRA!$B$2:$B$2000,A10,FRONTEIRA!$AA$2:$AA$2000,"Sim"),1))) | CB10: =IF(A10="","",IFERROR(INDEX(FRONTEIRA!$L:$L,MATCH(A10,FRONTEIRA!$B:$B,0)),"")) | CC10: =IF(A10="","",IF(COUNTIFS(OCORRENCIAS!$B$2:$B$2000,A10,OCORRENCIAS!$Z$2:$Z$2000,"Sim")>0,"Sim","Não")) | CD10: =IF(A10="","",IF(AND(N10="Sim",Q10="Sim",OR(U10="Sim",U10="N/A"),V10="Sim",M10<>"Inapto",AZ10="Sim",AV10="Sim",BB10="Sim",BF10="Sim",OR(BK10="Sim",BK10="N/A"),OR(T10="",AB10="",AB10<=T10),OR(AH10<>"Sim",CE10="Sim")),"APTO","BLOQUEADO")) | CF10: =IF(N10<>"Sim","Motorista GR; ","")&IF(Q10<>"Sim","Motorista seguradora; ","")&IF(U10="Não","Motorista 2; ","")&IF(V10<>"Sim","Veículo GR; ","")&IF(M10="Inapto","Documentos do motorista; ","")&IF(AZ10<>"Sim","Checklist; ","")&IF(AV10<>"Sim","Espelhamento; ","")&IF(BB10<>"Sim","SMP; ","")&IF(BF10<>"Sim","Averbação; ","")&IF(BK10="Não","Docs internacionais; ","")&IF(AND(T10<>"",AB10<>"",AB10>T10),"Valor acima do perfil; ","")&IF(AND(AH10="Sim",CE10<>"Sim"),"Acima do LMG sem aprovação; ","") -> Motorista GR; Motorista seguradora; Veículo GR; Checklist; Espelhamento; SMP; Averbação; | CG10: =IF(A10="","",IF(CF10="","Nenhuma",LEFT(CF10,LEN(CF10)-2))) | CH10: =IF(A10="","",IF(AND(OR(BO10="Sim",BP10="Sim"),CD10="BLOQUEADO"),"Sim","Não")) | CI10: =IF(OR(C10="",BM10=0,BM10>=20),"Não",IF(B10=SUMPRODUCT(MAX((C$2:C$2000=C10)*(BM$2:BM$2000>0)*(BM$2:BM$2000<20)*B$2:B$2000)),"Sim","Não")) -> Não | CJ10: =IF(A10="","","Viagem "&A10&" - Placa "&C10&" - "&BL10&" - Local: "&BT10&" - Motorista: "&I10&" (GR: "&N10&"; Seguradora: "&Q10&") - Rastreador: "&AR10&" no "&AS10&" - Espelhado: "&AV10&" - Checklist: "&AZ10&" - SMP: "&BB10&" - Averbado: "&BF10&" - Apto: "&CD10&" - Pendencias: "&CG10) | CP10: =IF(OR(CN10="",BM10<7,BM10>=20),"",IF((NOW()-CN10)*24>P_ATUALIZ_MAX_H,"Sim","Não"))
F11: =IF(C11="","",IFERROR(INDEX(VEICULOS!$C:$C,MATCH(C11,VEICULOS!$A:$A,0)),"?")&IF(D11="",""," + "&IFERROR(INDEX(VEICULOS!$C:$C,MATCH(D11,VEICULOS!$A:$A,0)),"?"))&IF(E11="",""," + "&IFERROR(INDEX(VEICULOS!$C:$C,MATCH(E11,VEICULOS!$A:$A,0)),"?"))) | G11: =IF(C11="","",IFERROR(INDEX(VEICULOS!$I:$I,MATCH(C11,VEICULOS!$A:$A,0)),"Não cadastrado")) | I11: =IF(H11="","",IFERROR(INDEX(MOTORISTAS!$B:$B,MATCH(H11,MOTORISTAS!$A:$A,0)),"Não cadastrado")) | L11: =IF(K11="","",IFERROR(INDEX(MOTORISTAS!$B:$B,MATCH(K11,MOTORISTAS!$A:$A,0)),"Não cadastrado")) | M11: =IF(H11="","",IFERROR(INDEX(MOTORISTAS!$AA:$AA,MATCH(H11,MOTORISTAS!$A:$A,0)),"Não cadastrado")) | N11: =IF(H11="","",IF(COUNTIFS(CONSULTAS!$C$2:$C$2000,H11,CONSULTAS!$E$2:$E$2000,"GR",CONSULTAS!$S$2:$S$2000,"Sim")>0,"Sim","Não")) | O11: =IF(H11="","",IFERROR(INDEX(CONSULTAS!$L:$L,MATCH(H11&"#GR",CONSULTAS!$T:$T,0)),"—")) | P11: =IF(H11="","",IFERROR(INDEX(CONSULTAS!$Q:$Q,MATCH(H11&"#GR",CONSULTAS!$T:$T,0)),"")) | Q11: =IF(H11="","",IF(COUNTIFS(CONSULTAS!$C$2:$C$2000,H11,CONSULTAS!$E$2:$E$2000,"Seguradora",CONSULTAS!$S$2:$S$2000,"Sim")>0,"Sim","Não")) | R11: =IF(H11="","",IFERROR(INDEX(CONSULTAS!$L:$L,MATCH(H11&"#Seguradora",CONSULTAS!$T:$T,0)),"—")) | S11: =IF(H11="","",IFERROR(INDEX(CONSULTAS!$Q:$Q,MATCH(H11&"#Seguradora",CONSULTAS!$T:$T,0)),"")) | T11: =IF(H11="","",IFERROR(INDEX(CONSULTAS!$N:$N,MATCH(H11&"#GR",CONSULTAS!$T:$T,0)),"")) | U11: =IF(K11="","N/A",IF(AND(COUNTIFS(CONSULTAS!$C$2:$C$2000,K11,CONSULTAS!$E$2:$E$2000,"GR",CONSULTAS!$S$2:$S$2000,"Sim")>0,COUNTIFS(CONSULTAS!$C$2:$C$2000,K11,CONSULTAS!$E$2:$E$2000,"Seguradora",CONSULTAS!$S$2:$S$2000,"Sim")>0),"Sim","Não")) -> N/A | V11: =IF(C11="","",IFERROR(INDEX(VEICULOS!$X:$X,MATCH(C11,VEICULOS!$A:$A,0)),"Não")) | AB11: =IF(Z11="","",IF(AA11="USD",Z11*P_TAXA_USD,Z11)) | AC11: =IF(OR(Y11="",AB11=""),0,SUMPRODUCT((PGR_REGRAS!$C$2:$C$61=Y11)*(PGR_REGRAS!$D$2:$D$61<=AB11)*(PGR_REGRAS!$E$2:$E$61>=AB11)*(PGR_REGRAS!$C$2:$C$61<>"")*ROW(PGR_REGRAS!$C$2:$C$61))) -> 0 | AD11: =IF(AC11=0,IF(Y11="","","Sem regra - consultar seguradora"),INDEX(PGR_REGRAS!$A:$A,AC11)) | AE11: =IF(AC11=0,"",INDEX(PGR_REGRAS!$T:$T,AC11)) | AF11: =IF(AC11=0,"",INDEX(PGR_REGRAS!$I:$I,AC11)) | AG11: =IF(AC11=0,"",INDEX(PGR_REGRAS!$K:$K,AC11)) | AH11: =IF(AB11="","",IF(AB11>P_LMG_REF,"Sim","Não")) | AR11: =IF(C11="","",IFERROR(INDEX(RASTREADORES!$F:$F,MATCH(C11&"#Principal",RASTREADORES!$Y:$Y,0))&" ("&INDEX(RASTREADORES!$G:$G,MATCH(C11&"#Principal",RASTREADORES!$Y:$Y,0))&")","Sem rastreador principal")) | AS11: =IF(C11="","",IFERROR(INDEX(RASTREADORES!$H:$H,MATCH(C11&"#Principal",RASTREADORES!$Y:$Y,0)),"—")) | AT11: =IF(C11="","",IFERROR(INDEX(RASTREADORES!$A:$A,MATCH(C11&"#Redundante",RASTREADORES!$Y:$Y,0)),IFERROR(INDEX(RASTREADORES!$A:$A,MATCH(C11&"#Isca retornável",RASTREADORES!$Y:$Y,0)),IFERROR(INDEX(RASTREADORES!$A:$A,MATCH(C11&"#Isca descartável",RASTREADORES!$Y:$Y,0)),"Nenhum")))) | AU11: =IF(C11="","",IFERROR(INDEX(RASTREADORES!$L:$L,MATCH(C11&"#Principal",RASTREADORES!$Y:$Y,0)),"")) | AV11: =IF(C11="","",IF(COUNTIFS(ESPELHAMENTOS!$B$2:$B$2000,C11,ESPELHAMENTOS!$O$2:$O$2000,"Sim")>0,"Sim","Não")) | AW11: =IF(C11="","",COUNTIFS(ESPELHAMENTOS!$B$2:$B$2000,C11,ESPELHAMENTOS!$O$2:$O$2000,"Sim")) | AX11: =IF(C11="","",IF(COUNTIFS(ESPELHAMENTOS!$B$2:$B$2000,C11,ESPELHAMENTOS!$O$2:$O$2000,"Sim",ESPELHAMENTOS!$E$2:$E$2000,"GR transportadora")>0,"Sim","Não")) | AY11: =IF(OR(AQ11="",C11=""),"",IFERROR(ROUND((AQ11-SUMPRODUCT(MIN((ESPELHAMENTOS!$C$2:$C$2000=A11)*ESPELHAMENTOS!$H$2:$H$2000+(ESPELHAMENTOS!$C$2:$C$2000<>A11)*99999)))*24,1),"")) | AZ11: =IF(C11="","",IF(COUNTIFS(CHECKLISTS!$B$2:$B$2000,C11,CHECKLISTS!$AH$2:$AH$2000,"Válido",CHECKLISTS!$AG$2:$AG$2000,">="&INT(IF(AO11="",TODAY(),AO11)))+COUNTIFS(CHECKLISTS!$B$2:$B$2000,C11,CHECKLISTS!$AH$2:$AH$2000,"Vence <=7d",CHECKLISTS!$AG$2:$AG$2000,">="&INT(IF(AO11="",TODAY(),AO11)))>0,"Sim","Não")) | BA11: =IF(C11="","",IF(COUNTIFS(CHECKLISTS!$B$2:$B$2000,C11,CHECKLISTS!$AF$2:$AF$2000,"Aprovado")=0,"",SUMPRODUCT(MAX((CHECKLISTS!$B$2:$B$2000=C11)*CHECKLISTS!$AG$2:$AG$2000)))) | BB11: =IF(A11="","",IF(COUNTIFS(SMP!$B$2:$B$2000,A11,SMP!$I$2:$I$2000,"Liberada")+COUNTIFS(SMP!$B$2:$B$2000,A11,SMP!$I$2:$I$2000,"Em andamento")+COUNTIFS(SMP!$B$2:$B$2000,A11,SMP!$I$2:$I$2000,"Finalizada")>0,"Sim","Não")) | BC11: =IF(A11="","",IFERROR(INDEX(SMP!$A:$A,MATCH(A11,SMP!$B:$B,0)),"—")) | BD11: =IF(A11="","",IFERROR(INDEX(SMP!$I:$I,MATCH(A11,SMP!$B:$B,0)),"Não aberta")) | BE11: =IF(A11="","",IFERROR(INDEX(SMP!$D:$D,MATCH(A11,SMP!$B:$B,0)),"")) | BF11: =IF(A11="","",IF(COUNTIFS(AVERBACOES!$B$2:$B$2000,A11,AVERBACOES!$Q$2:$Q$2000,"Averbado completo")+COUNTIFS(AVERBACOES!$B$2:$B$2000,A11,AVERBACOES!$Q$2:$Q$2000,"Averbado CRT")+COUNTIFS(AVERBACOES!$B$2:$B$2000,A11,AVERBACOES!$Q$2:$Q$2000,"Averbado CT-e")+COUNTIFS(AVERBACOES!$B$2:$B$2000,A11,AVERBACOES!$Q$2:$Q$2000,"Averbado MDF-e")+COUNTIFS(AVERBACOES!$B$2:$B$2000,A11,AVERBACOES!$Q$2:$Q$2000,"Averbado pelo embarcador")>0,"Sim","Não")) | BG11: =IF(A11="","",IFERROR(INDEX(AVERBACOES!$L:$L,MATCH(A11,AVERBACOES!$B:$B,0)),"—")) | BM11: =IF(BL11="",0,VALUE(LEFT(BL11,2))) -> 0 | BN11: =IF(A11="","",IF(AP11<>"","Sim","Não")) | BO11: =IF(A11="","",IF(OR(BM11=8,BM11=9,BM11=10,BM11=11,BM11=15),"Sim","Não")) | BP11: =IF(A11="","",IF(AND(BM11>=12,BM11<=14),"Sim","Não")) | BQ11: =IF(A11="","",IF(OR(AND(BM11>=16,BM11<=20),BR11<>""),"Sim","Não")) | BS11: =IF(A11="","",IF(OR(BM11=18,BM11=19,BM11=20),"Sim","Não")) | BT11: =IF(C11="","",IF(BV11=0,"Sem posição registrada",IFERROR(INDEX(POSICOES!$E:$E,MATCH(C11&"#"&ROUND(BV11*1440,0),POSICOES!$R:$R,0)),"?"))) | BU11: =IF(OR(C11="",BV11=0),"",IFERROR(INDEX(POSICOES!$F:$F,MATCH(C11&"#"&ROUND(BV11*1440,0),POSICOES!$R:$R,0))&"/"&INDEX(POSICOES!$G:$G,MATCH(C11&"#"&ROUND(BV11*1440,0),POSICOES!$R:$R,0))&" - "&INDEX(POSICOES!$H:$H,MATCH(C11&"#"&ROUND(BV11*1440,0),POSICOES!$R:$R,0)),"")) | BV11: =IF(C11="",0,SUMPRODUCT(MAX((POSICOES!$C$2:$C$3000=C11)*POSICOES!$B$2:$B$3000))) -> 0 | BW11: =IF(OR(BV11=0,BM11=0,BM11>=20),"",ROUND((NOW()-BV11)*24,1)) | BX11: =IF(BW11="","",IF(BW11<P_SINAL_ALERTA,"Online",IF(BW11<P_SINAL_CRIT,"Sem sinal 1-4h","Sem sinal >4h"))) | CA11: =IF(A11="","",IF(COUNTIFS(FRONTEIRA!$B$2:$B$2000,A11,FRONTEIRA!$AA$2:$AA$2000,"Sim")=0,"",ROUND(SUMIFS(FRONTEIRA!$Y$2:$Y$2000,FRONTEIRA!$B$2:$B$2000,A11,FRONTEIRA!$AA$2:$AA$2000,"Sim"),1))) | CB11: =IF(A11="","",IFERROR(INDEX(FRONTEIRA!$L:$L,MATCH(A11,FRONTEIRA!$B:$B,0)),"")) | CC11: =IF(A11="","",IF(COUNTIFS(OCORRENCIAS!$B$2:$B$2000,A11,OCORRENCIAS!$Z$2:$Z$2000,"Sim")>0,"Sim","Não")) | CD11: =IF(A11="","",IF(AND(N11="Sim",Q11="Sim",OR(U11="Sim",U11="N/A"),V11="Sim",M11<>"Inapto",AZ11="Sim",AV11="Sim",BB11="Sim",BF11="Sim",OR(BK11="Sim",BK11="N/A"),OR(T11="",AB11="",AB11<=T11),OR(AH11<>"Sim",CE11="Sim")),"APTO","BLOQUEADO")) | CF11: =IF(N11<>"Sim","Motorista GR; ","")&IF(Q11<>"Sim","Motorista seguradora; ","")&IF(U11="Não","Motorista 2; ","")&IF(V11<>"Sim","Veículo GR; ","")&IF(M11="Inapto","Documentos do motorista; ","")&IF(AZ11<>"Sim","Checklist; ","")&IF(AV11<>"Sim","Espelhamento; ","")&IF(BB11<>"Sim","SMP; ","")&IF(BF11<>"Sim","Averbação; ","")&IF(BK11="Não","Docs internacionais; ","")&IF(AND(T11<>"",AB11<>"",AB11>T11),"Valor acima do perfil; ","")&IF(AND(AH11="Sim",CE11<>"Sim"),"Acima do LMG sem aprovação; ","") -> Motorista GR; Motorista seguradora; Veículo GR; Checklist; Espelhamento; SMP; Averbação; | CG11: =IF(A11="","",IF(CF11="","Nenhuma",LEFT(CF11,LEN(CF11)-2))) | CH11: =IF(A11="","",IF(AND(OR(BO11="Sim",BP11="Sim"),CD11="BLOQUEADO"),"Sim","Não")) | CI11: =IF(OR(C11="",BM11=0,BM11>=20),"Não",IF(B11=SUMPRODUCT(MAX((C$2:C$2000=C11)*(BM$2:BM$2000>0)*(BM$2:BM$2000<20)*B$2:B$2000)),"Sim","Não")) -> Não | CJ11: =IF(A11="","","Viagem "&A11&" - Placa "&C11&" - "&BL11&" - Local: "&BT11&" - Motorista: "&I11&" (GR: "&N11&"; Seguradora: "&Q11&") - Rastreador: "&AR11&" no "&AS11&" - Espelhado: "&AV11&" - Checklist: "&AZ11&" - SMP: "&BB11&" - Averbado: "&BF11&" - Apto: "&CD11&" - Pendencias: "&CG11) | CP11: =IF(OR(CN11="",BM11<7,BM11>=20),"",IF((NOW()-CN11)*24>P_ATUALIZ_MAX_H,"Sim","Não"))
F12: =IF(C12="","",IFERROR(INDEX(VEICULOS!$C:$C,MATCH(C12,VEICULOS!$A:$A,0)),"?")&IF(D12="",""," + "&IFERROR(INDEX(VEICULOS!$C:$C,MATCH(D12,VEICULOS!$A:$A,0)),"?"))&IF(E12="",""," + "&IFERROR(INDEX(VEICULOS!$C:$C,MATCH(E12,VEICULOS!$A:$A,0)),"?"))) | G12: =IF(C12="","",IFERROR(INDEX(VEICULOS!$I:$I,MATCH(C12,VEICULOS!$A:$A,0)),"Não cadastrado")) | I12: =IF(H12="","",IFERROR(INDEX(MOTORISTAS!$B:$B,MATCH(H12,MOTORISTAS!$A:$A,0)),"Não cadastrado")) | L12: =IF(K12="","",IFERROR(INDEX(MOTORISTAS!$B:$B,MATCH(K12,MOTORISTAS!$A:$A,0)),"Não cadastrado")) | M12: =IF(H12="","",IFERROR(INDEX(MOTORISTAS!$AA:$AA,MATCH(H12,MOTORISTAS!$A:$A,0)),"Não cadastrado")) | N12: =IF(H12="","",IF(COUNTIFS(CONSULTAS!$C$2:$C$2000,H12,CONSULTAS!$E$2:$E$2000,"GR",CONSULTAS!$S$2:$S$2000,"Sim")>0,"Sim","Não")) | O12: =IF(H12="","",IFERROR(INDEX(CONSULTAS!$L:$L,MATCH(H12&"#GR",CONSULTAS!$T:$T,0)),"—")) | P12: =IF(H12="","",IFERROR(INDEX(CONSULTAS!$Q:$Q,MATCH(H12&"#GR",CONSULTAS!$T:$T,0)),"")) | Q12: =IF(H12="","",IF(COUNTIFS(CONSULTAS!$C$2:$C$2000,H12,CONSULTAS!$E$2:$E$2000,"Seguradora",CONSULTAS!$S$2:$S$2000,"Sim")>0,"Sim","Não")) | R12: =IF(H12="","",IFERROR(INDEX(CONSULTAS!$L:$L,MATCH(H12&"#Seguradora",CONSULTAS!$T:$T,0)),"—")) | S12: =IF(H12="","",IFERROR(INDEX(CONSULTAS!$Q:$Q,MATCH(H12&"#Seguradora",CONSULTAS!$T:$T,0)),"")) | T12: =IF(H12="","",IFERROR(INDEX(CONSULTAS!$N:$N,MATCH(H12&"#GR",CONSULTAS!$T:$T,0)),"")) | U12: =IF(K12="","N/A",IF(AND(COUNTIFS(CONSULTAS!$C$2:$C$2000,K12,CONSULTAS!$E$2:$E$2000,"GR",CONSULTAS!$S$2:$S$2000,"Sim")>0,COUNTIFS(CONSULTAS!$C$2:$C$2000,K12,CONSULTAS!$E$2:$E$2000,"Seguradora",CONSULTAS!$S$2:$S$2000,"Sim")>0),"Sim","Não")) -> N/A | V12: =IF(C12="","",IFERROR(INDEX(VEICULOS!$X:$X,MATCH(C12,VEICULOS!$A:$A,0)),"Não")) | AB12: =IF(Z12="","",IF(AA12="USD",Z12*P_TAXA_USD,Z12)) | AC12: =IF(OR(Y12="",AB12=""),0,SUMPRODUCT((PGR_REGRAS!$C$2:$C$61=Y12)*(PGR_REGRAS!$D$2:$D$61<=AB12)*(PGR_REGRAS!$E$2:$E$61>=AB12)*(PGR_REGRAS!$C$2:$C$61<>"")*ROW(PGR_REGRAS!$C$2:$C$61))) -> 0 | AD12: =IF(AC12=0,IF(Y12="","","Sem regra - consultar seguradora"),INDEX(PGR_REGRAS!$A:$A,AC12)) | AE12: =IF(AC12=0,"",INDEX(PGR_REGRAS!$T:$T,AC12)) | AF12: =IF(AC12=0,"",INDEX(PGR_REGRAS!$I:$I,AC12)) | AG12: =IF(AC12=0,"",INDEX(PGR_REGRAS!$K:$K,AC12)) | AH12: =IF(AB12="","",IF(AB12>P_LMG_REF,"Sim","Não")) | AR12: =IF(C12="","",IFERROR(INDEX(RASTREADORES!$F:$F,MATCH(C12&"#Principal",RASTREADORES!$Y:$Y,0))&" ("&INDEX(RASTREADORES!$G:$G,MATCH(C12&"#Principal",RASTREADORES!$Y:$Y,0))&")","Sem rastreador principal")) | AS12: =IF(C12="","",IFERROR(INDEX(RASTREADORES!$H:$H,MATCH(C12&"#Principal",RASTREADORES!$Y:$Y,0)),"—")) | AT12: =IF(C12="","",IFERROR(INDEX(RASTREADORES!$A:$A,MATCH(C12&"#Redundante",RASTREADORES!$Y:$Y,0)),IFERROR(INDEX(RASTREADORES!$A:$A,MATCH(C12&"#Isca retornável",RASTREADORES!$Y:$Y,0)),IFERROR(INDEX(RASTREADORES!$A:$A,MATCH(C12&"#Isca descartável",RASTREADORES!$Y:$Y,0)),"Nenhum")))) | AU12: =IF(C12="","",IFERROR(INDEX(RASTREADORES!$L:$L,MATCH(C12&"#Principal",RASTREADORES!$Y:$Y,0)),"")) | AV12: =IF(C12="","",IF(COUNTIFS(ESPELHAMENTOS!$B$2:$B$2000,C12,ESPELHAMENTOS!$O$2:$O$2000,"Sim")>0,"Sim","Não")) | AW12: =IF(C12="","",COUNTIFS(ESPELHAMENTOS!$B$2:$B$2000,C12,ESPELHAMENTOS!$O$2:$O$2000,"Sim")) | AX12: =IF(C12="","",IF(COUNTIFS(ESPELHAMENTOS!$B$2:$B$2000,C12,ESPELHAMENTOS!$O$2:$O$2000,"Sim",ESPELHAMENTOS!$E$2:$E$2000,"GR transportadora")>0,"Sim","Não")) | AY12: =IF(OR(AQ12="",C12=""),"",IFERROR(ROUND((AQ12-SUMPRODUCT(MIN((ESPELHAMENTOS!$C$2:$C$2000=A12)*ESPELHAMENTOS!$H$2:$H$2000+(ESPELHAMENTOS!$C$2:$C$2000<>A12)*99999)))*24,1),"")) | AZ12: =IF(C12="","",IF(COUNTIFS(CHECKLISTS!$B$2:$B$2000,C12,CHECKLISTS!$AH$2:$AH$2000,"Válido",CHECKLISTS!$AG$2:$AG$2000,">="&INT(IF(AO12="",TODAY(),AO12)))+COUNTIFS(CHECKLISTS!$B$2:$B$2000,C12,CHECKLISTS!$AH$2:$AH$2000,"Vence <=7d",CHECKLISTS!$AG$2:$AG$2000,">="&INT(IF(AO12="",TODAY(),AO12)))>0,"Sim","Não")) | BA12: =IF(C12="","",IF(COUNTIFS(CHECKLISTS!$B$2:$B$2000,C12,CHECKLISTS!$AF$2:$AF$2000,"Aprovado")=0,"",SUMPRODUCT(MAX((CHECKLISTS!$B$2:$B$2000=C12)*CHECKLISTS!$AG$2:$AG$2000)))) | BB12: =IF(A12="","",IF(COUNTIFS(SMP!$B$2:$B$2000,A12,SMP!$I$2:$I$2000,"Liberada")+COUNTIFS(SMP!$B$2:$B$2000,A12,SMP!$I$2:$I$2000,"Em andamento")+COUNTIFS(SMP!$B$2:$B$2000,A12,SMP!$I$2:$I$2000,"Finalizada")>0,"Sim","Não")) | BC12: =IF(A12="","",IFERROR(INDEX(SMP!$A:$A,MATCH(A12,SMP!$B:$B,0)),"—")) | BD12: =IF(A12="","",IFERROR(INDEX(SMP!$I:$I,MATCH(A12,SMP!$B:$B,0)),"Não aberta")) | BE12: =IF(A12="","",IFERROR(INDEX(SMP!$D:$D,MATCH(A12,SMP!$B:$B,0)),"")) | BF12: =IF(A12="","",IF(COUNTIFS(AVERBACOES!$B$2:$B$2000,A12,AVERBACOES!$Q$2:$Q$2000,"Averbado completo")+COUNTIFS(AVERBACOES!$B$2:$B$2000,A12,AVERBACOES!$Q$2:$Q$2000,"Averbado CRT")+COUNTIFS(AVERBACOES!$B$2:$B$2000,A12,AVERBACOES!$Q$2:$Q$2000,"Averbado CT-e")+COUNTIFS(AVERBACOES!$B$2:$B$2000,A12,AVERBACOES!$Q$2:$Q$2000,"Averbado MDF-e")+COUNTIFS(AVERBACOES!$B$2:$B$2000,A12,AVERBACOES!$Q$2:$Q$2000,"Averbado pelo embarcador")>0,"Sim","Não")) | BG12: =IF(A12="","",IFERROR(INDEX(AVERBACOES!$L:$L,MATCH(A12,AVERBACOES!$B:$B,0)),"—")) | BM12: =IF(BL12="",0,VALUE(LEFT(BL12,2))) -> 0 | BN12: =IF(A12="","",IF(AP12<>"","Sim","Não")) | BO12: =IF(A12="","",IF(OR(BM12=8,BM12=9,BM12=10,BM12=11,BM12=15),"Sim","Não")) | BP12: =IF(A12="","",IF(AND(BM12>=12,BM12<=14),"Sim","Não")) | BQ12: =IF(A12="","",IF(OR(AND(BM12>=16,BM12<=20),BR12<>""),"Sim","Não")) | BS12: =IF(A12="","",IF(OR(BM12=18,BM12=19,BM12=20),"Sim","Não")) | BT12: =IF(C12="","",IF(BV12=0,"Sem posição registrada",IFERROR(INDEX(POSICOES!$E:$E,MATCH(C12&"#"&ROUND(BV12*1440,0),POSICOES!$R:$R,0)),"?"))) | BU12: =IF(OR(C12="",BV12=0),"",IFERROR(INDEX(POSICOES!$F:$F,MATCH(C12&"#"&ROUND(BV12*1440,0),POSICOES!$R:$R,0))&"/"&INDEX(POSICOES!$G:$G,MATCH(C12&"#"&ROUND(BV12*1440,0),POSICOES!$R:$R,0))&" - "&INDEX(POSICOES!$H:$H,MATCH(C12&"#"&ROUND(BV12*1440,0),POSICOES!$R:$R,0)),"")) | BV12: =IF(C12="",0,SUMPRODUCT(MAX((POSICOES!$C$2:$C$3000=C12)*POSICOES!$B$2:$B$3000))) -> 0 | BW12: =IF(OR(BV12=0,BM12=0,BM12>=20),"",ROUND((NOW()-BV12)*24,1)) | BX12: =IF(BW12="","",IF(BW12<P_SINAL_ALERTA,"Online",IF(BW12<P_SINAL_CRIT,"Sem sinal 1-4h","Sem sinal >4h"))) | CA12: =IF(A12="","",IF(COUNTIFS(FRONTEIRA!$B$2:$B$2000,A12,FRONTEIRA!$AA$2:$AA$2000,"Sim")=0,"",ROUND(SUMIFS(FRONTEIRA!$Y$2:$Y$2000,FRONTEIRA!$B$2:$B$2000,A12,FRONTEIRA!$AA$2:$AA$2000,"Sim"),1))) | CB12: =IF(A12="","",IFERROR(INDEX(FRONTEIRA!$L:$L,MATCH(A12,FRONTEIRA!$B:$B,0)),"")) | CC12: =IF(A12="","",IF(COUNTIFS(OCORRENCIAS!$B$2:$B$2000,A12,OCORRENCIAS!$Z$2:$Z$2000,"Sim")>0,"Sim","Não")) | CD12: =IF(A12="","",IF(AND(N12="Sim",Q12="Sim",OR(U12="Sim",U12="N/A"),V12="Sim",M12<>"Inapto",AZ12="Sim",AV12="Sim",BB12="Sim",BF12="Sim",OR(BK12="Sim",BK12="N/A"),OR(T12="",AB12="",AB12<=T12),OR(AH12<>"Sim",CE12="Sim")),"APTO","BLOQUEADO")) | CF12: =IF(N12<>"Sim","Motorista GR; ","")&IF(Q12<>"Sim","Motorista seguradora; ","")&IF(U12="Não","Motorista 2; ","")&IF(V12<>"Sim","Veículo GR; ","")&IF(M12="Inapto","Documentos do motorista; ","")&IF(AZ12<>"Sim","Checklist; ","")&IF(AV12<>"Sim","Espelhamento; ","")&IF(BB12<>"Sim","SMP; ","")&IF(BF12<>"Sim","Averbação; ","")&IF(BK12="Não","Docs internacionais; ","")&IF(AND(T12<>"",AB12<>"",AB12>T12),"Valor acima do perfil; ","")&IF(AND(AH12="Sim",CE12<>"Sim"),"Acima do LMG sem aprovação; ","") -> Motorista GR; Motorista seguradora; Veículo GR; Checklist; Espelhamento; SMP; Averbação; | CG12: =IF(A12="","",IF(CF12="","Nenhuma",LEFT(CF12,LEN(CF12)-2))) | CH12: =IF(A12="","",IF(AND(OR(BO12="Sim",BP12="Sim"),CD12="BLOQUEADO"),"Sim","Não")) | CI12: =IF(OR(C12="",BM12=0,BM12>=20),"Não",IF(B12=SUMPRODUCT(MAX((C$2:C$2000=C12)*(BM$2:BM$2000>0)*(BM$2:BM$2000<20)*B$2:B$2000)),"Sim","Não")) -> Não | CJ12: =IF(A12="","","Viagem "&A12&" - Placa "&C12&" - "&BL12&" - Local: "&BT12&" - Motorista: "&I12&" (GR: "&N12&"; Seguradora: "&Q12&") - Rastreador: "&AR12&" no "&AS12&" - Espelhado: "&AV12&" - Checklist: "&AZ12&" - SMP: "&BB12&" - Averbado: "&BF12&" - Apto: "&CD12&" - Pendencias: "&CG12) | CP12: =IF(OR(CN12="",BM12<7,BM12>=20),"",IF((NOW()-CN12)*24>P_ATUALIZ_MAX_H,"Sim","Não"))
F13: =IF(C13="","",IFERROR(INDEX(VEICULOS!$C:$C,MATCH(C13,VEICULOS!$A:$A,0)),"?")&IF(D13="",""," + "&IFERROR(INDEX(VEICULOS!$C:$C,MATCH(D13,VEICULOS!$A:$A,0)),"?"))&IF(E13="",""," + "&IFERROR(INDEX(VEICULOS!$C:$C,MATCH(E13,VEICULOS!$A:$A,0)),"?"))) | G13: =IF(C13="","",IFERROR(INDEX(VEICULOS!$I:$I,MATCH(C13,VEICULOS!$A:$A,0)),"Não cadastrado")) | I13: =IF(H13="","",IFERROR(INDEX(MOTORISTAS!$B:$B,MATCH(H13,MOTORISTAS!$A:$A,0)),"Não cadastrado")) | L13: =IF(K13="","",IFERROR(INDEX(MOTORISTAS!$B:$B,MATCH(K13,MOTORISTAS!$A:$A,0)),"Não cadastrado")) | M13: =IF(H13="","",IFERROR(INDEX(MOTORISTAS!$AA:$AA,MATCH(H13,MOTORISTAS!$A:$A,0)),"Não cadastrado")) | N13: =IF(H13="","",IF(COUNTIFS(CONSULTAS!$C$2:$C$2000,H13,CONSULTAS!$E$2:$E$2000,"GR",CONSULTAS!$S$2:$S$2000,"Sim")>0,"Sim","Não")) | O13: =IF(H13="","",IFERROR(INDEX(CONSULTAS!$L:$L,MATCH(H13&"#GR",CONSULTAS!$T:$T,0)),"—")) | P13: =IF(H13="","",IFERROR(INDEX(CONSULTAS!$Q:$Q,MATCH(H13&"#GR",CONSULTAS!$T:$T,0)),"")) | Q13: =IF(H13="","",IF(COUNTIFS(CONSULTAS!$C$2:$C$2000,H13,CONSULTAS!$E$2:$E$2000,"Seguradora",CONSULTAS!$S$2:$S$2000,"Sim")>0,"Sim","Não")) | R13: =IF(H13="","",IFERROR(INDEX(CONSULTAS!$L:$L,MATCH(H13&"#Seguradora",CONSULTAS!$T:$T,0)),"—")) | S13: =IF(H13="","",IFERROR(INDEX(CONSULTAS!$Q:$Q,MATCH(H13&"#Seguradora",CONSULTAS!$T:$T,0)),"")) | T13: =IF(H13="","",IFERROR(INDEX(CONSULTAS!$N:$N,MATCH(H13&"#GR",CONSULTAS!$T:$T,0)),"")) | U13: =IF(K13="","N/A",IF(AND(COUNTIFS(CONSULTAS!$C$2:$C$2000,K13,CONSULTAS!$E$2:$E$2000,"GR",CONSULTAS!$S$2:$S$2000,"Sim")>0,COUNTIFS(CONSULTAS!$C$2:$C$2000,K13,CONSULTAS!$E$2:$E$2000,"Seguradora",CONSULTAS!$S$2:$S$2000,"Sim")>0),"Sim","Não")) -> N/A | V13: =IF(C13="","",IFERROR(INDEX(VEICULOS!$X:$X,MATCH(C13,VEICULOS!$A:$A,0)),"Não")) | AB13: =IF(Z13="","",IF(AA13="USD",Z13*P_TAXA_USD,Z13)) | AC13: =IF(OR(Y13="",AB13=""),0,SUMPRODUCT((PGR_REGRAS!$C$2:$C$61=Y13)*(PGR_REGRAS!$D$2:$D$61<=AB13)*(PGR_REGRAS!$E$2:$E$61>=AB13)*(PGR_REGRAS!$C$2:$C$61<>"")*ROW(PGR_REGRAS!$C$2:$C$61))) -> 0 | AD13: =IF(AC13=0,IF(Y13="","","Sem regra - consultar seguradora"),INDEX(PGR_REGRAS!$A:$A,AC13)) | AE13: =IF(AC13=0,"",INDEX(PGR_REGRAS!$T:$T,AC13)) | AF13: =IF(AC13=0,"",INDEX(PGR_REGRAS!$I:$I,AC13)) | AG13: =IF(AC13=0,"",INDEX(PGR_REGRAS!$K:$K,AC13)) | AH13: =IF(AB13="","",IF(AB13>P_LMG_REF,"Sim","Não")) | AR13: =IF(C13="","",IFERROR(INDEX(RASTREADORES!$F:$F,MATCH(C13&"#Principal",RASTREADORES!$Y:$Y,0))&" ("&INDEX(RASTREADORES!$G:$G,MATCH(C13&"#Principal",RASTREADORES!$Y:$Y,0))&")","Sem rastreador principal")) | AS13: =IF(C13="","",IFERROR(INDEX(RASTREADORES!$H:$H,MATCH(C13&"#Principal",RASTREADORES!$Y:$Y,0)),"—")) | AT13: =IF(C13="","",IFERROR(INDEX(RASTREADORES!$A:$A,MATCH(C13&"#Redundante",RASTREADORES!$Y:$Y,0)),IFERROR(INDEX(RASTREADORES!$A:$A,MATCH(C13&"#Isca retornável",RASTREADORES!$Y:$Y,0)),IFERROR(INDEX(RASTREADORES!$A:$A,MATCH(C13&"#Isca descartável",RASTREADORES!$Y:$Y,0)),"Nenhum")))) | AU13: =IF(C13="","",IFERROR(INDEX(RASTREADORES!$L:$L,MATCH(C13&"#Principal",RASTREADORES!$Y:$Y,0)),"")) | AV13: =IF(C13="","",IF(COUNTIFS(ESPELHAMENTOS!$B$2:$B$2000,C13,ESPELHAMENTOS!$O$2:$O$2000,"Sim")>0,"Sim","Não")) | AW13: =IF(C13="","",COUNTIFS(ESPELHAMENTOS!$B$2:$B$2000,C13,ESPELHAMENTOS!$O$2:$O$2000,"Sim")) | AX13: =IF(C13="","",IF(COUNTIFS(ESPELHAMENTOS!$B$2:$B$2000,C13,ESPELHAMENTOS!$O$2:$O$2000,"Sim",ESPELHAMENTOS!$E$2:$E$2000,"GR transportadora")>0,"Sim","Não")) | AY13: =IF(OR(AQ13="",C13=""),"",IFERROR(ROUND((AQ13-SUMPRODUCT(MIN((ESPELHAMENTOS!$C$2:$C$2000=A13)*ESPELHAMENTOS!$H$2:$H$2000+(ESPELHAMENTOS!$C$2:$C$2000<>A13)*99999)))*24,1),"")) | AZ13: =IF(C13="","",IF(COUNTIFS(CHECKLISTS!$B$2:$B$2000,C13,CHECKLISTS!$AH$2:$AH$2000,"Válido",CHECKLISTS!$AG$2:$AG$2000,">="&INT(IF(AO13="",TODAY(),AO13)))+COUNTIFS(CHECKLISTS!$B$2:$B$2000,C13,CHECKLISTS!$AH$2:$AH$2000,"Vence <=7d",CHECKLISTS!$AG$2:$AG$2000,">="&INT(IF(AO13="",TODAY(),AO13)))>0,"Sim","Não")) | BA13: =IF(C13="","",IF(COUNTIFS(CHECKLISTS!$B$2:$B$2000,C13,CHECKLISTS!$AF$2:$AF$2000,"Aprovado")=0,"",SUMPRODUCT(MAX((CHECKLISTS!$B$2:$B$2000=C13)*CHECKLISTS!$AG$2:$AG$2000)))) | BB13: =IF(A13="","",IF(COUNTIFS(SMP!$B$2:$B$2000,A13,SMP!$I$2:$I$2000,"Liberada")+COUNTIFS(SMP!$B$2:$B$2000,A13,SMP!$I$2:$I$2000,"Em andamento")+COUNTIFS(SMP!$B$2:$B$2000,A13,SMP!$I$2:$I$2000,"Finalizada")>0,"Sim","Não")) | BC13: =IF(A13="","",IFERROR(INDEX(SMP!$A:$A,MATCH(A13,SMP!$B:$B,0)),"—")) | BD13: =IF(A13="","",IFERROR(INDEX(SMP!$I:$I,MATCH(A13,SMP!$B:$B,0)),"Não aberta")) | BE13: =IF(A13="","",IFERROR(INDEX(SMP!$D:$D,MATCH(A13,SMP!$B:$B,0)),"")) | BF13: =IF(A13="","",IF(COUNTIFS(AVERBACOES!$B$2:$B$2000,A13,AVERBACOES!$Q$2:$Q$2000,"Averbado completo")+COUNTIFS(AVERBACOES!$B$2:$B$2000,A13,AVERBACOES!$Q$2:$Q$2000,"Averbado CRT")+COUNTIFS(AVERBACOES!$B$2:$B$2000,A13,AVERBACOES!$Q$2:$Q$2000,"Averbado CT-e")+COUNTIFS(AVERBACOES!$B$2:$B$2000,A13,AVERBACOES!$Q$2:$Q$2000,"Averbado MDF-e")+COUNTIFS(AVERBACOES!$B$2:$B$2000,A13,AVERBACOES!$Q$2:$Q$2000,"Averbado pelo embarcador")>0,"Sim","Não")) | BG13: =IF(A13="","",IFERROR(INDEX(AVERBACOES!$L:$L,MATCH(A13,AVERBACOES!$B:$B,0)),"—")) | BM13: =IF(BL13="",0,VALUE(LEFT(BL13,2))) -> 0 | BN13: =IF(A13="","",IF(AP13<>"","Sim","Não")) | BO13: =IF(A13="","",IF(OR(BM13=8,BM13=9,BM13=10,BM13=11,BM13=15),"Sim","Não")) | BP13: =IF(A13="","",IF(AND(BM13>=12,BM13<=14),"Sim","Não")) | BQ13: =IF(A13="","",IF(OR(AND(BM13>=16,BM13<=20),BR13<>""),"Sim","Não")) | BS13: =IF(A13="","",IF(OR(BM13=18,BM13=19,BM13=20),"Sim","Não")) | BT13: =IF(C13="","",IF(BV13=0,"Sem posição registrada",IFERROR(INDEX(POSICOES!$E:$E,MATCH(C13&"#"&ROUND(BV13*1440,0),POSICOES!$R:$R,0)),"?"))) | BU13: =IF(OR(C13="",BV13=0),"",IFERROR(INDEX(POSICOES!$F:$F,MATCH(C13&"#"&ROUND(BV13*1440,0),POSICOES!$R:$R,0))&"/"&INDEX(POSICOES!$G:$G,MATCH(C13&"#"&ROUND(BV13*1440,0),POSICOES!$R:$R,0))&" - "&INDEX(POSICOES!$H:$H,MATCH(C13&"#"&ROUND(BV13*1440,0),POSICOES!$R:$R,0)),"")) | BV13: =IF(C13="",0,SUMPRODUCT(MAX((POSICOES!$C$2:$C$3000=C13)*POSICOES!$B$2:$B$3000))) -> 0 | BW13: =IF(OR(BV13=0,BM13=0,BM13>=20),"",ROUND((NOW()-BV13)*24,1)) | BX13: =IF(BW13="","",IF(BW13<P_SINAL_ALERTA,"Online",IF(BW13<P_SINAL_CRIT,"Sem sinal 1-4h","Sem sinal >4h"))) | CA13: =IF(A13="","",IF(COUNTIFS(FRONTEIRA!$B$2:$B$2000,A13,FRONTEIRA!$AA$2:$AA$2000,"Sim")=0,"",ROUND(SUMIFS(FRONTEIRA!$Y$2:$Y$2000,FRONTEIRA!$B$2:$B$2000,A13,FRONTEIRA!$AA$2:$AA$2000,"Sim"),1))) | CB13: =IF(A13="","",IFERROR(INDEX(FRONTEIRA!$L:$L,MATCH(A13,FRONTEIRA!$B:$B,0)),"")) | CC13: =IF(A13="","",IF(COUNTIFS(OCORRENCIAS!$B$2:$B$2000,A13,OCORRENCIAS!$Z$2:$Z$2000,"Sim")>0,"Sim","Não")) | CD13: =IF(A13="","",IF(AND(N13="Sim",Q13="Sim",OR(U13="Sim",U13="N/A"),V13="Sim",M13<>"Inapto",AZ13="Sim",AV13="Sim",BB13="Sim",BF13="Sim",OR(BK13="Sim",BK13="N/A"),OR(T13="",AB13="",AB13<=T13),OR(AH13<>"Sim",CE13="Sim")),"APTO","BLOQUEADO")) | CF13: =IF(N13<>"Sim","Motorista GR; ","")&IF(Q13<>"Sim","Motorista seguradora; ","")&IF(U13="Não","Motorista 2; ","")&IF(V13<>"Sim","Veículo GR; ","")&IF(M13="Inapto","Documentos do motorista; ","")&IF(AZ13<>"Sim","Checklist; ","")&IF(AV13<>"Sim","Espelhamento; ","")&IF(BB13<>"Sim","SMP; ","")&IF(BF13<>"Sim","Averbação; ","")&IF(BK13="Não","Docs internacionais; ","")&IF(AND(T13<>"",AB13<>"",AB13>T13),"Valor acima do perfil; ","")&IF(AND(AH13="Sim",CE13<>"Sim"),"Acima do LMG sem aprovação; ","") -> Motorista GR; Motorista seguradora; Veículo GR; Checklist; Espelhamento; SMP; Averbação; | CG13: =IF(A13="","",IF(CF13="","Nenhuma",LEFT(CF13,LEN(CF13)-2))) | CH13: =IF(A13="","",IF(AND(OR(BO13="Sim",BP13="Sim"),CD13="BLOQUEADO"),"Sim","Não")) | CI13: =IF(OR(C13="",BM13=0,BM13>=20),"Não",IF(B13=SUMPRODUCT(MAX((C$2:C$2000=C13)*(BM$2:BM$2000>0)*(BM$2:BM$2000<20)*B$2:B$2000)),"Sim","Não")) -> Não | CJ13: =IF(A13="","","Viagem "&A13&" - Placa "&C13&" - "&BL13&" - Local: "&BT13&" - Motorista: "&I13&" (GR: "&N13&"; Seguradora: "&Q13&") - Rastreador: "&AR13&" no "&AS13&" - Espelhado: "&AV13&" - Checklist: "&AZ13&" - SMP: "&BB13&" - Averbado: "&BF13&" - Apto: "&CD13&" - Pendencias: "&CG13) | CP13: =IF(OR(CN13="",BM13<7,BM13>=20),"",IF((NOW()-CN13)*24>P_ATUALIZ_MAX_H,"Sim","Não"))
F14: =IF(C14="","",IFERROR(INDEX(VEICULOS!$C:$C,MATCH(C14,VEICULOS!$A:$A,0)),"?")&IF(D14="",""," + "&IFERROR(INDEX(VEICULOS!$C:$C,MATCH(D14,VEICULOS!$A:$A,0)),"?"))&IF(E14="",""," + "&IFERROR(INDEX(VEICULOS!$C:$C,MATCH(E14,VEICULOS!$A:$A,0)),"?"))) | G14: =IF(C14="","",IFERROR(INDEX(VEICULOS!$I:$I,MATCH(C14,VEICULOS!$A:$A,0)),"Não cadastrado")) | I14: =IF(H14="","",IFERROR(INDEX(MOTORISTAS!$B:$B,MATCH(H14,MOTORISTAS!$A:$A,0)),"Não cadastrado")) | L14: =IF(K14="","",IFERROR(INDEX(MOTORISTAS!$B:$B,MATCH(K14,MOTORISTAS!$A:$A,0)),"Não cadastrado")) | M14: =IF(H14="","",IFERROR(INDEX(MOTORISTAS!$AA:$AA,MATCH(H14,MOTORISTAS!$A:$A,0)),"Não cadastrado")) | N14: =IF(H14="","",IF(COUNTIFS(CONSULTAS!$C$2:$C$2000,H14,CONSULTAS!$E$2:$E$2000,"GR",CONSULTAS!$S$2:$S$2000,"Sim")>0,"Sim","Não")) | O14: =IF(H14="","",IFERROR(INDEX(CONSULTAS!$L:$L,MATCH(H14&"#GR",CONSULTAS!$T:$T,0)),"—")) | P14: =IF(H14="","",IFERROR(INDEX(CONSULTAS!$Q:$Q,MATCH(H14&"#GR",CONSULTAS!$T:$T,0)),"")) | Q14: =IF(H14="","",IF(COUNTIFS(CONSULTAS!$C$2:$C$2000,H14,CONSULTAS!$E$2:$E$2000,"Seguradora",CONSULTAS!$S$2:$S$2000,"Sim")>0,"Sim","Não")) | R14: =IF(H14="","",IFERROR(INDEX(CONSULTAS!$L:$L,MATCH(H14&"#Seguradora",CONSULTAS!$T:$T,0)),"—")) | S14: =IF(H14="","",IFERROR(INDEX(CONSULTAS!$Q:$Q,MATCH(H14&"#Seguradora",CONSULTAS!$T:$T,0)),"")) | T14: =IF(H14="","",IFERROR(INDEX(CONSULTAS!$N:$N,MATCH(H14&"#GR",CONSULTAS!$T:$T,0)),"")) | U14: =IF(K14="","N/A",IF(AND(COUNTIFS(CONSULTAS!$C$2:$C$2000,K14,CONSULTAS!$E$2:$E$2000,"GR",CONSULTAS!$S$2:$S$2000,"Sim")>0,COUNTIFS(CONSULTAS!$C$2:$C$2000,K14,CONSULTAS!$E$2:$E$2000,"Seguradora",CONSULTAS!$S$2:$S$2000,"Sim")>0),"Sim","Não")) -> N/A | V14: =IF(C14="","",IFERROR(INDEX(VEICULOS!$X:$X,MATCH(C14,VEICULOS!$A:$A,0)),"Não")) | AB14: =IF(Z14="","",IF(AA14="USD",Z14*P_TAXA_USD,Z14)) | AC14: =IF(OR(Y14="",AB14=""),0,SUMPRODUCT((PGR_REGRAS!$C$2:$C$61=Y14)*(PGR_REGRAS!$D$2:$D$61<=AB14)*(PGR_REGRAS!$E$2:$E$61>=AB14)*(PGR_REGRAS!$C$2:$C$61<>"")*ROW(PGR_REGRAS!$C$2:$C$61))) -> 0 | AD14: =IF(AC14=0,IF(Y14="","","Sem regra - consultar seguradora"),INDEX(PGR_REGRAS!$A:$A,AC14)) | AE14: =IF(AC14=0,"",INDEX(PGR_REGRAS!$T:$T,AC14)) | AF14: =IF(AC14=0,"",INDEX(PGR_REGRAS!$I:$I,AC14)) | AG14: =IF(AC14=0,"",INDEX(PGR_REGRAS!$K:$K,AC14)) | AH14: =IF(AB14="","",IF(AB14>P_LMG_REF,"Sim","Não")) | AR14: =IF(C14="","",IFERROR(INDEX(RASTREADORES!$F:$F,MATCH(C14&"#Principal",RASTREADORES!$Y:$Y,0))&" ("&INDEX(RASTREADORES!$G:$G,MATCH(C14&"#Principal",RASTREADORES!$Y:$Y,0))&")","Sem rastreador principal")) | AS14: =IF(C14="","",IFERROR(INDEX(RASTREADORES!$H:$H,MATCH(C14&"#Principal",RASTREADORES!$Y:$Y,0)),"—")) | AT14: =IF(C14="","",IFERROR(INDEX(RASTREADORES!$A:$A,MATCH(C14&"#Redundante",RASTREADORES!$Y:$Y,0)),IFERROR(INDEX(RASTREADORES!$A:$A,MATCH(C14&"#Isca retornável",RASTREADORES!$Y:$Y,0)),IFERROR(INDEX(RASTREADORES!$A:$A,MATCH(C14&"#Isca descartável",RASTREADORES!$Y:$Y,0)),"Nenhum")))) | AU14: =IF(C14="","",IFERROR(INDEX(RASTREADORES!$L:$L,MATCH(C14&"#Principal",RASTREADORES!$Y:$Y,0)),"")) | AV14: =IF(C14="","",IF(COUNTIFS(ESPELHAMENTOS!$B$2:$B$2000,C14,ESPELHAMENTOS!$O$2:$O$2000,"Sim")>0,"Sim","Não")) | AW14: =IF(C14="","",COUNTIFS(ESPELHAMENTOS!$B$2:$B$2000,C14,ESPELHAMENTOS!$O$2:$O$2000,"Sim")) | AX14: =IF(C14="","",IF(COUNTIFS(ESPELHAMENTOS!$B$2:$B$2000,C14,ESPELHAMENTOS!$O$2:$O$2000,"Sim",ESPELHAMENTOS!$E$2:$E$2000,"GR transportadora")>0,"Sim","Não")) | AY14: =IF(OR(AQ14="",C14=""),"",IFERROR(ROUND((AQ14-SUMPRODUCT(MIN((ESPELHAMENTOS!$C$2:$C$2000=A14)*ESPELHAMENTOS!$H$2:$H$2000+(ESPELHAMENTOS!$C$2:$C$2000<>A14)*99999)))*24,1),"")) | AZ14: =IF(C14="","",IF(COUNTIFS(CHECKLISTS!$B$2:$B$2000,C14,CHECKLISTS!$AH$2:$AH$2000,"Válido",CHECKLISTS!$AG$2:$AG$2000,">="&INT(IF(AO14="",TODAY(),AO14)))+COUNTIFS(CHECKLISTS!$B$2:$B$2000,C14,CHECKLISTS!$AH$2:$AH$2000,"Vence <=7d",CHECKLISTS!$AG$2:$AG$2000,">="&INT(IF(AO14="",TODAY(),AO14)))>0,"Sim","Não")) | BA14: =IF(C14="","",IF(COUNTIFS(CHECKLISTS!$B$2:$B$2000,C14,CHECKLISTS!$AF$2:$AF$2000,"Aprovado")=0,"",SUMPRODUCT(MAX((CHECKLISTS!$B$2:$B$2000=C14)*CHECKLISTS!$AG$2:$AG$2000)))) | BB14: =IF(A14="","",IF(COUNTIFS(SMP!$B$2:$B$2000,A14,SMP!$I$2:$I$2000,"Liberada")+COUNTIFS(SMP!$B$2:$B$2000,A14,SMP!$I$2:$I$2000,"Em andamento")+COUNTIFS(SMP!$B$2:$B$2000,A14,SMP!$I$2:$I$2000,"Finalizada")>0,"Sim","Não")) | BC14: =IF(A14="","",IFERROR(INDEX(SMP!$A:$A,MATCH(A14,SMP!$B:$B,0)),"—")) | BD14: =IF(A14="","",IFERROR(INDEX(SMP!$I:$I,MATCH(A14,SMP!$B:$B,0)),"Não aberta")) | BE14: =IF(A14="","",IFERROR(INDEX(SMP!$D:$D,MATCH(A14,SMP!$B:$B,0)),"")) | BF14: =IF(A14="","",IF(COUNTIFS(AVERBACOES!$B$2:$B$2000,A14,AVERBACOES!$Q$2:$Q$2000,"Averbado completo")+COUNTIFS(AVERBACOES!$B$2:$B$2000,A14,AVERBACOES!$Q$2:$Q$2000,"Averbado CRT")+COUNTIFS(AVERBACOES!$B$2:$B$2000,A14,AVERBACOES!$Q$2:$Q$2000,"Averbado CT-e")+COUNTIFS(AVERBACOES!$B$2:$B$2000,A14,AVERBACOES!$Q$2:$Q$2000,"Averbado MDF-e")+COUNTIFS(AVERBACOES!$B$2:$B$2000,A14,AVERBACOES!$Q$2:$Q$2000,"Averbado pelo embarcador")>0,"Sim","Não")) | BG14: =IF(A14="","",IFERROR(INDEX(AVERBACOES!$L:$L,MATCH(A14,AVERBACOES!$B:$B,0)),"—")) | BM14: =IF(BL14="",0,VALUE(LEFT(BL14,2))) -> 0 | BN14: =IF(A14="","",IF(AP14<>"","Sim","Não")) | BO14: =IF(A14="","",IF(OR(BM14=8,BM14=9,BM14=10,BM14=11,BM14=15),"Sim","Não")) | BP14: =IF(A14="","",IF(AND(BM14>=12,BM14<=14),"Sim","Não")) | BQ14: =IF(A14="","",IF(OR(AND(BM14>=16,BM14<=20),BR14<>""),"Sim","Não")) | BS14: =IF(A14="","",IF(OR(BM14=18,BM14=19,BM14=20),"Sim","Não")) | BT14: =IF(C14="","",IF(BV14=0,"Sem posição registrada",IFERROR(INDEX(POSICOES!$E:$E,MATCH(C14&"#"&ROUND(BV14*1440,0),POSICOES!$R:$R,0)),"?"))) | BU14: =IF(OR(C14="",BV14=0),"",IFERROR(INDEX(POSICOES!$F:$F,MATCH(C14&"#"&ROUND(BV14*1440,0),POSICOES!$R:$R,0))&"/"&INDEX(POSICOES!$G:$G,MATCH(C14&"#"&ROUND(BV14*1440,0),POSICOES!$R:$R,0))&" - "&INDEX(POSICOES!$H:$H,MATCH(C14&"#"&ROUND(BV14*1440,0),POSICOES!$R:$R,0)),"")) | BV14: =IF(C14="",0,SUMPRODUCT(MAX((POSICOES!$C$2:$C$3000=C14)*POSICOES!$B$2:$B$3000))) -> 0 | BW14: =IF(OR(BV14=0,BM14=0,BM14>=20),"",ROUND((NOW()-BV14)*24,1)) | BX14: =IF(BW14="","",IF(BW14<P_SINAL_ALERTA,"Online",IF(BW14<P_SINAL_CRIT,"Sem sinal 1-4h","Sem sinal >4h"))) | CA14: =IF(A14="","",IF(COUNTIFS(FRONTEIRA!$B$2:$B$2000,A14,FRONTEIRA!$AA$2:$AA$2000,"Sim")=0,"",ROUND(SUMIFS(FRONTEIRA!$Y$2:$Y$2000,FRONTEIRA!$B$2:$B$2000,A14,FRONTEIRA!$AA$2:$AA$2000,"Sim"),1))) | CB14: =IF(A14="","",IFERROR(INDEX(FRONTEIRA!$L:$L,MATCH(A14,FRONTEIRA!$B:$B,0)),"")) | CC14: =IF(A14="","",IF(COUNTIFS(OCORRENCIAS!$B$2:$B$2000,A14,OCORRENCIAS!$Z$2:$Z$2000,"Sim")>0,"Sim","Não")) | CD14: =IF(A14="","",IF(AND(N14="Sim",Q14="Sim",OR(U14="Sim",U14="N/A"),V14="Sim",M14<>"Inapto",AZ14="Sim",AV14="Sim",BB14="Sim",BF14="Sim",OR(BK14="Sim",BK14="N/A"),OR(T14="",AB14="",AB14<=T14),OR(AH14<>"Sim",CE14="Sim")),"APTO","BLOQUEADO")) | CF14: =IF(N14<>"Sim","Motorista GR; ","")&IF(Q14<>"Sim","Motorista seguradora; ","")&IF(U14="Não","Motorista 2; ","")&IF(V14<>"Sim","Veículo GR; ","")&IF(M14="Inapto","Documentos do motorista; ","")&IF(AZ14<>"Sim","Checklist; ","")&IF(AV14<>"Sim","Espelhamento; ","")&IF(BB14<>"Sim","SMP; ","")&IF(BF14<>"Sim","Averbação; ","")&IF(BK14="Não","Docs internacionais; ","")&IF(AND(T14<>"",AB14<>"",AB14>T14),"Valor acima do perfil; ","")&IF(AND(AH14="Sim",CE14<>"Sim"),"Acima do LMG sem aprovação; ","") -> Motorista GR; Motorista seguradora; Veículo GR; Checklist; Espelhamento; SMP; Averbação; | CG14: =IF(A14="","",IF(CF14="","Nenhuma",LEFT(CF14,LEN(CF14)-2))) | CH14: =IF(A14="","",IF(AND(OR(BO14="Sim",BP14="Sim"),CD14="BLOQUEADO"),"Sim","Não")) | CI14: =IF(OR(C14="",BM14=0,BM14>=20),"Não",IF(B14=SUMPRODUCT(MAX((C$2:C$2000=C14)*(BM$2:BM$2000>0)*(BM$2:BM$2000<20)*B$2:B$2000)),"Sim","Não")) -> Não | CJ14: =IF(A14="","","Viagem "&A14&" - Placa "&C14&" - "&BL14&" - Local: "&BT14&" - Motorista: "&I14&" (GR: "&N14&"; Seguradora: "&Q14&") - Rastreador: "&AR14&" no "&AS14&" - Espelhado: "&AV14&" - Checklist: "&AZ14&" - SMP: "&BB14&" - Averbado: "&BF14&" - Apto: "&CD14&" - Pendencias: "&CG14) | CP14: =IF(OR(CN14="",BM14<7,BM14>=20),"",IF((NOW()-CN14)*24>P_ATUALIZ_MAX_H,"Sim","Não"))
F15: =IF(C15="","",IFERROR(INDEX(VEICULOS!$C:$C,MATCH(C15,VEICULOS!$A:$A,0)),"?")&IF(D15="",""," + "&IFERROR(INDEX(VEICULOS!$C:$C,MATCH(D15,VEICULOS!$A:$A,0)),"?"))&IF(E15="",""," + "&IFERROR(INDEX(VEICULOS!$C:$C,MATCH(E15,VEICULOS!$A:$A,0)),"?"))) | G15: =IF(C15="","",IFERROR(INDEX(VEICULOS!$I:$I,MATCH(C15,VEICULOS!$A:$A,0)),"Não cadastrado")) | I15: =IF(H15="","",IFERROR(INDEX(MOTORISTAS!$B:$B,MATCH(H15,MOTORISTAS!$A:$A,0)),"Não cadastrado")) | L15: =IF(K15="","",IFERROR(INDEX(MOTORISTAS!$B:$B,MATCH(K15,MOTORISTAS!$A:$A,0)),"Não cadastrado")) | M15: =IF(H15="","",IFERROR(INDEX(MOTORISTAS!$AA:$AA,MATCH(H15,MOTORISTAS!$A:$A,0)),"Não cadastrado")) | N15: =IF(H15="","",IF(COUNTIFS(CONSULTAS!$C$2:$C$2000,H15,CONSULTAS!$E$2:$E$2000,"GR",CONSULTAS!$S$2:$S$2000,"Sim")>0,"Sim","Não")) | O15: =IF(H15="","",IFERROR(INDEX(CONSULTAS!$L:$L,MATCH(H15&"#GR",CONSULTAS!$T:$T,0)),"—")) | P15: =IF(H15="","",IFERROR(INDEX(CONSULTAS!$Q:$Q,MATCH(H15&"#GR",CONSULTAS!$T:$T,0)),"")) | Q15: =IF(H15="","",IF(COUNTIFS(CONSULTAS!$C$2:$C$2000,H15,CONSULTAS!$E$2:$E$2000,"Seguradora",CONSULTAS!$S$2:$S$2000,"Sim")>0,"Sim","Não")) | R15: =IF(H15="","",IFERROR(INDEX(CONSULTAS!$L:$L,MATCH(H15&"#Seguradora",CONSULTAS!$T:$T,0)),"—")) | S15: =IF(H15="","",IFERROR(INDEX(CONSULTAS!$Q:$Q,MATCH(H15&"#Seguradora",CONSULTAS!$T:$T,0)),"")) | T15: =IF(H15="","",IFERROR(INDEX(CONSULTAS!$N:$N,MATCH(H15&"#GR",CONSULTAS!$T:$T,0)),"")) | U15: =IF(K15="","N/A",IF(AND(COUNTIFS(CONSULTAS!$C$2:$C$2000,K15,CONSULTAS!$E$2:$E$2000,"GR",CONSULTAS!$S$2:$S$2000,"Sim")>0,COUNTIFS(CONSULTAS!$C$2:$C$2000,K15,CONSULTAS!$E$2:$E$2000,"Seguradora",CONSULTAS!$S$2:$S$2000,"Sim")>0),"Sim","Não")) -> N/A | V15: =IF(C15="","",IFERROR(INDEX(VEICULOS!$X:$X,MATCH(C15,VEICULOS!$A:$A,0)),"Não")) | AB15: =IF(Z15="","",IF(AA15="USD",Z15*P_TAXA_USD,Z15)) | AC15: =IF(OR(Y15="",AB15=""),0,SUMPRODUCT((PGR_REGRAS!$C$2:$C$61=Y15)*(PGR_REGRAS!$D$2:$D$61<=AB15)*(PGR_REGRAS!$E$2:$E$61>=AB15)*(PGR_REGRAS!$C$2:$C$61<>"")*ROW(PGR_REGRAS!$C$2:$C$61))) -> 0 | AD15: =IF(AC15=0,IF(Y15="","","Sem regra - consultar seguradora"),INDEX(PGR_REGRAS!$A:$A,AC15)) | AE15: =IF(AC15=0,"",INDEX(PGR_REGRAS!$T:$T,AC15)) | AF15: =IF(AC15=0,"",INDEX(PGR_REGRAS!$I:$I,AC15)) | AG15: =IF(AC15=0,"",INDEX(PGR_REGRAS!$K:$K,AC15)) | AH15: =IF(AB15="","",IF(AB15>P_LMG_REF,"Sim","Não")) | AR15: =IF(C15="","",IFERROR(INDEX(RASTREADORES!$F:$F,MATCH(C15&"#Principal",RASTREADORES!$Y:$Y,0))&" ("&INDEX(RASTREADORES!$G:$G,MATCH(C15&"#Principal",RASTREADORES!$Y:$Y,0))&")","Sem rastreador principal")) | AS15: =IF(C15="","",IFERROR(INDEX(RASTREADORES!$H:$H,MATCH(C15&"#Principal",RASTREADORES!$Y:$Y,0)),"—")) | AT15: =IF(C15="","",IFERROR(INDEX(RASTREADORES!$A:$A,MATCH(C15&"#Redundante",RASTREADORES!$Y:$Y,0)),IFERROR(INDEX(RASTREADORES!$A:$A,MATCH(C15&"#Isca retornável",RASTREADORES!$Y:$Y,0)),IFERROR(INDEX(RASTREADORES!$A:$A,MATCH(C15&"#Isca descartável",RASTREADORES!$Y:$Y,0)),"Nenhum")))) | AU15: =IF(C15="","",IFERROR(INDEX(RASTREADORES!$L:$L,MATCH(C15&"#Principal",RASTREADORES!$Y:$Y,0)),"")) | AV15: =IF(C15="","",IF(COUNTIFS(ESPELHAMENTOS!$B$2:$B$2000,C15,ESPELHAMENTOS!$O$2:$O$2000,"Sim")>0,"Sim","Não")) | AW15: =IF(C15="","",COUNTIFS(ESPELHAMENTOS!$B$2:$B$2000,C15,ESPELHAMENTOS!$O$2:$O$2000,"Sim")) | AX15: =IF(C15="","",IF(COUNTIFS(ESPELHAMENTOS!$B$2:$B$2000,C15,ESPELHAMENTOS!$O$2:$O$2000,"Sim",ESPELHAMENTOS!$E$2:$E$2000,"GR transportadora")>0,"Sim","Não")) | AY15: =IF(OR(AQ15="",C15=""),"",IFERROR(ROUND((AQ15-SUMPRODUCT(MIN((ESPELHAMENTOS!$C$2:$C$2000=A15)*ESPELHAMENTOS!$H$2:$H$2000+(ESPELHAMENTOS!$C$2:$C$2000<>A15)*99999)))*24,1),"")) | AZ15: =IF(C15="","",IF(COUNTIFS(CHECKLISTS!$B$2:$B$2000,C15,CHECKLISTS!$AH$2:$AH$2000,"Válido",CHECKLISTS!$AG$2:$AG$2000,">="&INT(IF(AO15="",TODAY(),AO15)))+COUNTIFS(CHECKLISTS!$B$2:$B$2000,C15,CHECKLISTS!$AH$2:$AH$2000,"Vence <=7d",CHECKLISTS!$AG$2:$AG$2000,">="&INT(IF(AO15="",TODAY(),AO15)))>0,"Sim","Não")) | BA15: =IF(C15="","",IF(COUNTIFS(CHECKLISTS!$B$2:$B$2000,C15,CHECKLISTS!$AF$2:$AF$2000,"Aprovado")=0,"",SUMPRODUCT(MAX((CHECKLISTS!$B$2:$B$2000=C15)*CHECKLISTS!$AG$2:$AG$2000)))) | BB15: =IF(A15="","",IF(COUNTIFS(SMP!$B$2:$B$2000,A15,SMP!$I$2:$I$2000,"Liberada")+COUNTIFS(SMP!$B$2:$B$2000,A15,SMP!$I$2:$I$2000,"Em andamento")+COUNTIFS(SMP!$B$2:$B$2000,A15,SMP!$I$2:$I$2000,"Finalizada")>0,"Sim","Não")) | BC15: =IF(A15="","",IFERROR(INDEX(SMP!$A:$A,MATCH(A15,SMP!$B:$B,0)),"—")) | BD15: =IF(A15="","",IFERROR(INDEX(SMP!$I:$I,MATCH(A15,SMP!$B:$B,0)),"Não aberta")) | BE15: =IF(A15="","",IFERROR(INDEX(SMP!$D:$D,MATCH(A15,SMP!$B:$B,0)),"")) | BF15: =IF(A15="","",IF(COUNTIFS(AVERBACOES!$B$2:$B$2000,A15,AVERBACOES!$Q$2:$Q$2000,"Averbado completo")+COUNTIFS(AVERBACOES!$B$2:$B$2000,A15,AVERBACOES!$Q$2:$Q$2000,"Averbado CRT")+COUNTIFS(AVERBACOES!$B$2:$B$2000,A15,AVERBACOES!$Q$2:$Q$2000,"Averbado CT-e")+COUNTIFS(AVERBACOES!$B$2:$B$2000,A15,AVERBACOES!$Q$2:$Q$2000,"Averbado MDF-e")+COUNTIFS(AVERBACOES!$B$2:$B$2000,A15,AVERBACOES!$Q$2:$Q$2000,"Averbado pelo embarcador")>0,"Sim","Não")) | BG15: =IF(A15="","",IFERROR(INDEX(AVERBACOES!$L:$L,MATCH(A15,AVERBACOES!$B:$B,0)),"—")) | BM15: =IF(BL15="",0,VALUE(LEFT(BL15,2))) -> 0 | BN15: =IF(A15="","",IF(AP15<>"","Sim","Não")) | BO15: =IF(A15="","",IF(OR(BM15=8,BM15=9,BM15=10,BM15=11,BM15=15),"Sim","Não")) | BP15: =IF(A15="","",IF(AND(BM15>=12,BM15<=14),"Sim","Não")) | BQ15: =IF(A15="","",IF(OR(AND(BM15>=16,BM15<=20),BR15<>""),"Sim","Não")) | BS15: =IF(A15="","",IF(OR(BM15=18,BM15=19,BM15=20),"Sim","Não")) | BT15: =IF(C15="","",IF(BV15=0,"Sem posição registrada",IFERROR(INDEX(POSICOES!$E:$E,MATCH(C15&"#"&ROUND(BV15*1440,0),POSICOES!$R:$R,0)),"?"))) | BU15: =IF(OR(C15="",BV15=0),"",IFERROR(INDEX(POSICOES!$F:$F,MATCH(C15&"#"&ROUND(BV15*1440,0),POSICOES!$R:$R,0))&"/"&INDEX(POSICOES!$G:$G,MATCH(C15&"#"&ROUND(BV15*1440,0),POSICOES!$R:$R,0))&" - "&INDEX(POSICOES!$H:$H,MATCH(C15&"#"&ROUND(BV15*1440,0),POSICOES!$R:$R,0)),"")) | BV15: =IF(C15="",0,SUMPRODUCT(MAX((POSICOES!$C$2:$C$3000=C15)*POSICOES!$B$2:$B$3000))) -> 0 | BW15: =IF(OR(BV15=0,BM15=0,BM15>=20),"",ROUND((NOW()-BV15)*24,1)) | BX15: =IF(BW15="","",IF(BW15<P_SINAL_ALERTA,"Online",IF(BW15<P_SINAL_CRIT,"Sem sinal 1-4h","Sem sinal >4h"))) | CA15: =IF(A15="","",IF(COUNTIFS(FRONTEIRA!$B$2:$B$2000,A15,FRONTEIRA!$AA$2:$AA$2000,"Sim")=0,"",ROUND(SUMIFS(FRONTEIRA!$Y$2:$Y$2000,FRONTEIRA!$B$2:$B$2000,A15,FRONTEIRA!$AA$2:$AA$2000,"Sim"),1))) | CB15: =IF(A15="","",IFERROR(INDEX(FRONTEIRA!$L:$L,MATCH(A15,FRONTEIRA!$B:$B,0)),"")) | CC15: =IF(A15="","",IF(COUNTIFS(OCORRENCIAS!$B$2:$B$2000,A15,OCORRENCIAS!$Z$2:$Z$2000,"Sim")>0,"Sim","Não")) | CD15: =IF(A15="","",IF(AND(N15="Sim",Q15="Sim",OR(U15="Sim",U15="N/A"),V15="Sim",M15<>"Inapto",AZ15="Sim",AV15="Sim",BB15="Sim",BF15="Sim",OR(BK15="Sim",BK15="N/A"),OR(T15="",AB15="",AB15<=T15),OR(AH15<>"Sim",CE15="Sim")),"APTO","BLOQUEADO")) | CF15: =IF(N15<>"Sim","Motorista GR; ","")&IF(Q15<>"Sim","Motorista seguradora; ","")&IF(U15="Não","Motorista 2; ","")&IF(V15<>"Sim","Veículo GR; ","")&IF(M15="Inapto","Documentos do motorista; ","")&IF(AZ15<>"Sim","Checklist; ","")&IF(AV15<>"Sim","Espelhamento; ","")&IF(BB15<>"Sim","SMP; ","")&IF(BF15<>"Sim","Averbação; ","")&IF(BK15="Não","Docs internacionais; ","")&IF(AND(T15<>"",AB15<>"",AB15>T15),"Valor acima do perfil; ","")&IF(AND(AH15="Sim",CE15<>"Sim"),"Acima do LMG sem aprovação; ","") -> Motorista GR; Motorista seguradora; Veículo GR; Checklist; Espelhamento; SMP; Averbação; | CG15: =IF(A15="","",IF(CF15="","Nenhuma",LEFT(CF15,LEN(CF15)-2))) | CH15: =IF(A15="","",IF(AND(OR(BO15="Sim",BP15="Sim"),CD15="BLOQUEADO"),"Sim","Não")) | CI15: =IF(OR(C15="",BM15=0,BM15>=20),"Não",IF(B15=SUMPRODUCT(MAX((C$2:C$2000=C15)*(BM$2:BM$2000>0)*(BM$2:BM$2000<20)*B$2:B$2000)),"Sim","Não")) -> Não | CJ15: =IF(A15="","","Viagem "&A15&" - Placa "&C15&" - "&BL15&" - Local: "&BT15&" - Motorista: "&I15&" (GR: "&N15&"; Seguradora: "&Q15&") - Rastreador: "&AR15&" no "&AS15&" - Espelhado: "&AV15&" - Checklist: "&AZ15&" - SMP: "&BB15&" - Averbado: "&BF15&" - Apto: "&CD15&" - Pendencias: "&CG15) | CP15: =IF(OR(CN15="",BM15<7,BM15>=20),"",IF((NOW()-CN15)*24>P_ATUALIZ_MAX_H,"Sim","Não"))
F16: =IF(C16="","",IFERROR(INDEX(VEICULOS!$C:$C,MATCH(C16,VEICULOS!$A:$A,0)),"?")&IF(D16="",""," + "&IFERROR(INDEX(VEICULOS!$C:$C,MATCH(D16,VEICULOS!$A:$A,0)),"?"))&IF(E16="",""," + "&IFERROR(INDEX(VEICULOS!$C:$C,MATCH(E16,VEICULOS!$A:$A,0)),"?"))) | G16: =IF(C16="","",IFERROR(INDEX(VEICULOS!$I:$I,MATCH(C16,VEICULOS!$A:$A,0)),"Não cadastrado")) | I16: =IF(H16="","",IFERROR(INDEX(MOTORISTAS!$B:$B,MATCH(H16,MOTORISTAS!$A:$A,0)),"Não cadastrado")) | L16: =IF(K16="","",IFERROR(INDEX(MOTORISTAS!$B:$B,MATCH(K16,MOTORISTAS!$A:$A,0)),"Não cadastrado")) | M16: =IF(H16="","",IFERROR(INDEX(MOTORISTAS!$AA:$AA,MATCH(H16,MOTORISTAS!$A:$A,0)),"Não cadastrado")) | N16: =IF(H16="","",IF(COUNTIFS(CONSULTAS!$C$2:$C$2000,H16,CONSULTAS!$E$2:$E$2000,"GR",CONSULTAS!$S$2:$S$2000,"Sim")>0,"Sim","Não")) | O16: =IF(H16="","",IFERROR(INDEX(CONSULTAS!$L:$L,MATCH(H16&"#GR",CONSULTAS!$T:$T,0)),"—")) | P16: =IF(H16="","",IFERROR(INDEX(CONSULTAS!$Q:$Q,MATCH(H16&"#GR",CONSULTAS!$T:$T,0)),"")) | Q16: =IF(H16="","",IF(COUNTIFS(CONSULTAS!$C$2:$C$2000,H16,CONSULTAS!$E$2:$E$2000,"Seguradora",CONSULTAS!$S$2:$S$2000,"Sim")>0,"Sim","Não")) | R16: =IF(H16="","",IFERROR(INDEX(CONSULTAS!$L:$L,MATCH(H16&"#Seguradora",CONSULTAS!$T:$T,0)),"—")) | S16: =IF(H16="","",IFERROR(INDEX(CONSULTAS!$Q:$Q,MATCH(H16&"#Seguradora",CONSULTAS!$T:$T,0)),"")) | T16: =IF(H16="","",IFERROR(INDEX(CONSULTAS!$N:$N,MATCH(H16&"#GR",CONSULTAS!$T:$T,0)),"")) | U16: =IF(K16="","N/A",IF(AND(COUNTIFS(CONSULTAS!$C$2:$C$2000,K16,CONSULTAS!$E$2:$E$2000,"GR",CONSULTAS!$S$2:$S$2000,"Sim")>0,COUNTIFS(CONSULTAS!$C$2:$C$2000,K16,CONSULTAS!$E$2:$E$2000,"Seguradora",CONSULTAS!$S$2:$S$2000,"Sim")>0),"Sim","Não")) -> N/A | V16: =IF(C16="","",IFERROR(INDEX(VEICULOS!$X:$X,MATCH(C16,VEICULOS!$A:$A,0)),"Não")) | AB16: =IF(Z16="","",IF(AA16="USD",Z16*P_TAXA_USD,Z16)) | AC16: =IF(OR(Y16="",AB16=""),0,SUMPRODUCT((PGR_REGRAS!$C$2:$C$61=Y16)*(PGR_REGRAS!$D$2:$D$61<=AB16)*(PGR_REGRAS!$E$2:$E$61>=AB16)*(PGR_REGRAS!$C$2:$C$61<>"")*ROW(PGR_REGRAS!$C$2:$C$61))) -> 0 | AD16: =IF(AC16=0,IF(Y16="","","Sem regra - consultar seguradora"),INDEX(PGR_REGRAS!$A:$A,AC16)) | AE16: =IF(AC16=0,"",INDEX(PGR_REGRAS!$T:$T,AC16)) | AF16: =IF(AC16=0,"",INDEX(PGR_REGRAS!$I:$I,AC16)) | AG16: =IF(AC16=0,"",INDEX(PGR_REGRAS!$K:$K,AC16)) | AH16: =IF(AB16="","",IF(AB16>P_LMG_REF,"Sim","Não")) | AR16: =IF(C16="","",IFERROR(INDEX(RASTREADORES!$F:$F,MATCH(C16&"#Principal",RASTREADORES!$Y:$Y,0))&" ("&INDEX(RASTREADORES!$G:$G,MATCH(C16&"#Principal",RASTREADORES!$Y:$Y,0))&")","Sem rastreador principal")) | AS16: =IF(C16="","",IFERROR(INDEX(RASTREADORES!$H:$H,MATCH(C16&"#Principal",RASTREADORES!$Y:$Y,0)),"—")) | AT16: =IF(C16="","",IFERROR(INDEX(RASTREADORES!$A:$A,MATCH(C16&"#Redundante",RASTREADORES!$Y:$Y,0)),IFERROR(INDEX(RASTREADORES!$A:$A,MATCH(C16&"#Isca retornável",RASTREADORES!$Y:$Y,0)),IFERROR(INDEX(RASTREADORES!$A:$A,MATCH(C16&"#Isca descartável",RASTREADORES!$Y:$Y,0)),"Nenhum")))) | AU16: =IF(C16="","",IFERROR(INDEX(RASTREADORES!$L:$L,MATCH(C16&"#Principal",RASTREADORES!$Y:$Y,0)),"")) | AV16: =IF(C16="","",IF(COUNTIFS(ESPELHAMENTOS!$B$2:$B$2000,C16,ESPELHAMENTOS!$O$2:$O$2000,"Sim")>0,"Sim","Não")) | AW16: =IF(C16="","",COUNTIFS(ESPELHAMENTOS!$B$2:$B$2000,C16,ESPELHAMENTOS!$O$2:$O$2000,"Sim")) | AX16: =IF(C16="","",IF(COUNTIFS(ESPELHAMENTOS!$B$2:$B$2000,C16,ESPELHAMENTOS!$O$2:$O$2000,"Sim",ESPELHAMENTOS!$E$2:$E$2000,"GR transportadora")>0,"Sim","Não")) | AY16: =IF(OR(AQ16="",C16=""),"",IFERROR(ROUND((AQ16-SUMPRODUCT(MIN((ESPELHAMENTOS!$C$2:$C$2000=A16)*ESPELHAMENTOS!$H$2:$H$2000+(ESPELHAMENTOS!$C$2:$C$2000<>A16)*99999)))*24,1),"")) | AZ16: =IF(C16="","",IF(COUNTIFS(CHECKLISTS!$B$2:$B$2000,C16,CHECKLISTS!$AH$2:$AH$2000,"Válido",CHECKLISTS!$AG$2:$AG$2000,">="&INT(IF(AO16="",TODAY(),AO16)))+COUNTIFS(CHECKLISTS!$B$2:$B$2000,C16,CHECKLISTS!$AH$2:$AH$2000,"Vence <=7d",CHECKLISTS!$AG$2:$AG$2000,">="&INT(IF(AO16="",TODAY(),AO16)))>0,"Sim","Não")) | BA16: =IF(C16="","",IF(COUNTIFS(CHECKLISTS!$B$2:$B$2000,C16,CHECKLISTS!$AF$2:$AF$2000,"Aprovado")=0,"",SUMPRODUCT(MAX((CHECKLISTS!$B$2:$B$2000=C16)*CHECKLISTS!$AG$2:$AG$2000)))) | BB16: =IF(A16="","",IF(COUNTIFS(SMP!$B$2:$B$2000,A16,SMP!$I$2:$I$2000,"Liberada")+COUNTIFS(SMP!$B$2:$B$2000,A16,SMP!$I$2:$I$2000,"Em andamento")+COUNTIFS(SMP!$B$2:$B$2000,A16,SMP!$I$2:$I$2000,"Finalizada")>0,"Sim","Não")) | BC16: =IF(A16="","",IFERROR(INDEX(SMP!$A:$A,MATCH(A16,SMP!$B:$B,0)),"—")) | BD16: =IF(A16="","",IFERROR(INDEX(SMP!$I:$I,MATCH(A16,SMP!$B:$B,0)),"Não aberta")) | BE16: =IF(A16="","",IFERROR(INDEX(SMP!$D:$D,MATCH(A16,SMP!$B:$B,0)),"")) | BF16: =IF(A16="","",IF(COUNTIFS(AVERBACOES!$B$2:$B$2000,A16,AVERBACOES!$Q$2:$Q$2000,"Averbado completo")+COUNTIFS(AVERBACOES!$B$2:$B$2000,A16,AVERBACOES!$Q$2:$Q$2000,"Averbado CRT")+COUNTIFS(AVERBACOES!$B$2:$B$2000,A16,AVERBACOES!$Q$2:$Q$2000,"Averbado CT-e")+COUNTIFS(AVERBACOES!$B$2:$B$2000,A16,AVERBACOES!$Q$2:$Q$2000,"Averbado MDF-e")+COUNTIFS(AVERBACOES!$B$2:$B$2000,A16,AVERBACOES!$Q$2:$Q$2000,"Averbado pelo embarcador")>0,"Sim","Não")) | BG16: =IF(A16="","",IFERROR(INDEX(AVERBACOES!$L:$L,MATCH(A16,AVERBACOES!$B:$B,0)),"—")) | BM16: =IF(BL16="",0,VALUE(LEFT(BL16,2))) -> 0 | BN16: =IF(A16="","",IF(AP16<>"","Sim","Não")) | BO16: =IF(A16="","",IF(OR(BM16=8,BM16=9,BM16=10,BM16=11,BM16=15),"Sim","Não")) | BP16: =IF(A16="","",IF(AND(BM16>=12,BM16<=14),"Sim","Não")) | BQ16: =IF(A16="","",IF(OR(AND(BM16>=16,BM16<=20),BR16<>""),"Sim","Não")) | BS16: =IF(A16="","",IF(OR(BM16=18,BM16=19,BM16=20),"Sim","Não")) | BT16: =IF(C16="","",IF(BV16=0,"Sem posição registrada",IFERROR(INDEX(POSICOES!$E:$E,MATCH(C16&"#"&ROUND(BV16*1440,0),POSICOES!$R:$R,0)),"?"))) | BU16: =IF(OR(C16="",BV16=0),"",IFERROR(INDEX(POSICOES!$F:$F,MATCH(C16&"#"&ROUND(BV16*1440,0),POSICOES!$R:$R,0))&"/"&INDEX(POSICOES!$G:$G,MATCH(C16&"#"&ROUND(BV16*1440,0),POSICOES!$R:$R,0))&" - "&INDEX(POSICOES!$H:$H,MATCH(C16&"#"&ROUND(BV16*1440,0),POSICOES!$R:$R,0)),"")) | BV16: =IF(C16="",0,SUMPRODUCT(MAX((POSICOES!$C$2:$C$3000=C16)*POSICOES!$B$2:$B$3000))) -> 0 | BW16: =IF(OR(BV16=0,BM16=0,BM16>=20),"",ROUND((NOW()-BV16)*24,1)) | BX16: =IF(BW16="","",IF(BW16<P_SINAL_ALERTA,"Online",IF(BW16<P_SINAL_CRIT,"Sem sinal 1-4h","Sem sinal >4h"))) | CA16: =IF(A16="","",IF(COUNTIFS(FRONTEIRA!$B$2:$B$2000,A16,FRONTEIRA!$AA$2:$AA$2000,"Sim")=0,"",ROUND(SUMIFS(FRONTEIRA!$Y$2:$Y$2000,FRONTEIRA!$B$2:$B$2000,A16,FRONTEIRA!$AA$2:$AA$2000,"Sim"),1))) | CB16: =IF(A16="","",IFERROR(INDEX(FRONTEIRA!$L:$L,MATCH(A16,FRONTEIRA!$B:$B,0)),"")) | CC16: =IF(A16="","",IF(COUNTIFS(OCORRENCIAS!$B$2:$B$2000,A16,OCORRENCIAS!$Z$2:$Z$2000,"Sim")>0,"Sim","Não")) | CD16: =IF(A16="","",IF(AND(N16="Sim",Q16="Sim",OR(U16="Sim",U16="N/A"),V16="Sim",M16<>"Inapto",AZ16="Sim",AV16="Sim",BB16="Sim",BF16="Sim",OR(BK16="Sim",BK16="N/A"),OR(T16="",AB16="",AB16<=T16),OR(AH16<>"Sim",CE16="Sim")),"APTO","BLOQUEADO")) | CF16: =IF(N16<>"Sim","Motorista GR; ","")&IF(Q16<>"Sim","Motorista seguradora; ","")&IF(U16="Não","Motorista 2; ","")&IF(V16<>"Sim","Veículo GR; ","")&IF(M16="Inapto","Documentos do motorista; ","")&IF(AZ16<>"Sim","Checklist; ","")&IF(AV16<>"Sim","Espelhamento; ","")&IF(BB16<>"Sim","SMP; ","")&IF(BF16<>"Sim","Averbação; ","")&IF(BK16="Não","Docs internacionais; ","")&IF(AND(T16<>"",AB16<>"",AB16>T16),"Valor acima do perfil; ","")&IF(AND(AH16="Sim",CE16<>"Sim"),"Acima do LMG sem aprovação; ","") -> Motorista GR; Motorista seguradora; Veículo GR; Checklist; Espelhamento; SMP; Averbação; | CG16: =IF(A16="","",IF(CF16="","Nenhuma",LEFT(CF16,LEN(CF16)-2))) | CH16: =IF(A16="","",IF(AND(OR(BO16="Sim",BP16="Sim"),CD16="BLOQUEADO"),"Sim","Não")) | CI16: =IF(OR(C16="",BM16=0,BM16>=20),"Não",IF(B16=SUMPRODUCT(MAX((C$2:C$2000=C16)*(BM$2:BM$2000>0)*(BM$2:BM$2000<20)*B$2:B$2000)),"Sim","Não")) -> Não | CJ16: =IF(A16="","","Viagem "&A16&" - Placa "&C16&" - "&BL16&" - Local: "&BT16&" - Motorista: "&I16&" (GR: "&N16&"; Seguradora: "&Q16&") - Rastreador: "&AR16&" no "&AS16&" - Espelhado: "&AV16&" - Checklist: "&AZ16&" - SMP: "&BB16&" - Averbado: "&BF16&" - Apto: "&CD16&" - Pendencias: "&CG16) | CP16: =IF(OR(CN16="",BM16<7,BM16>=20),"",IF((NOW()-CN16)*24>P_ATUALIZ_MAX_H,"Sim","Não"))
F17: =IF(C17="","",IFERROR(INDEX(VEICULOS!$C:$C,MATCH(C17,VEICULOS!$A:$A,0)),"?")&IF(D17="",""," + "&IFERROR(INDEX(VEICULOS!$C:$C,MATCH(D17,VEICULOS!$A:$A,0)),"?"))&IF(E17="",""," + "&IFERROR(INDEX(VEICULOS!$C:$C,MATCH(E17,VEICULOS!$A:$A,0)),"?"))) | G17: =IF(C17="","",IFERROR(INDEX(VEICULOS!$I:$I,MATCH(C17,VEICULOS!$A:$A,0)),"Não cadastrado")) | I17: =IF(H17="","",IFERROR(INDEX(MOTORISTAS!$B:$B,MATCH(H17,MOTORISTAS!$A:$A,0)),"Não cadastrado")) | L17: =IF(K17="","",IFERROR(INDEX(MOTORISTAS!$B:$B,MATCH(K17,MOTORISTAS!$A:$A,0)),"Não cadastrado")) | M17: =IF(H17="","",IFERROR(INDEX(MOTORISTAS!$AA:$AA,MATCH(H17,MOTORISTAS!$A:$A,0)),"Não cadastrado")) | N17: =IF(H17="","",IF(COUNTIFS(CONSULTAS!$C$2:$C$2000,H17,CONSULTAS!$E$2:$E$2000,"GR",CONSULTAS!$S$2:$S$2000,"Sim")>0,"Sim","Não")) | O17: =IF(H17="","",IFERROR(INDEX(CONSULTAS!$L:$L,MATCH(H17&"#GR",CONSULTAS!$T:$T,0)),"—")) | P17: =IF(H17="","",IFERROR(INDEX(CONSULTAS!$Q:$Q,MATCH(H17&"#GR",CONSULTAS!$T:$T,0)),"")) | Q17: =IF(H17="","",IF(COUNTIFS(CONSULTAS!$C$2:$C$2000,H17,CONSULTAS!$E$2:$E$2000,"Seguradora",CONSULTAS!$S$2:$S$2000,"Sim")>0,"Sim","Não")) | R17: =IF(H17="","",IFERROR(INDEX(CONSULTAS!$L:$L,MATCH(H17&"#Seguradora",CONSULTAS!$T:$T,0)),"—")) | S17: =IF(H17="","",IFERROR(INDEX(CONSULTAS!$Q:$Q,MATCH(H17&"#Seguradora",CONSULTAS!$T:$T,0)),"")) | T17: =IF(H17="","",IFERROR(INDEX(CONSULTAS!$N:$N,MATCH(H17&"#GR",CONSULTAS!$T:$T,0)),"")) | U17: =IF(K17="","N/A",IF(AND(COUNTIFS(CONSULTAS!$C$2:$C$2000,K17,CONSULTAS!$E$2:$E$2000,"GR",CONSULTAS!$S$2:$S$2000,"Sim")>0,COUNTIFS(CONSULTAS!$C$2:$C$2000,K17,CONSULTAS!$E$2:$E$2000,"Seguradora",CONSULTAS!$S$2:$S$2000,"Sim")>0),"Sim","Não")) -> N/A | V17: =IF(C17="","",IFERROR(INDEX(VEICULOS!$X:$X,MATCH(C17,VEICULOS!$A:$A,0)),"Não")) | AB17: =IF(Z17="","",IF(AA17="USD",Z17*P_TAXA_USD,Z17)) | AC17: =IF(OR(Y17="",AB17=""),0,SUMPRODUCT((PGR_REGRAS!$C$2:$C$61=Y17)*(PGR_REGRAS!$D$2:$D$61<=AB17)*(PGR_REGRAS!$E$2:$E$61>=AB17)*(PGR_REGRAS!$C$2:$C$61<>"")*ROW(PGR_REGRAS!$C$2:$C$61))) -> 0 | AD17: =IF(AC17=0,IF(Y17="","","Sem regra - consultar seguradora"),INDEX(PGR_REGRAS!$A:$A,AC17)) | AE17: =IF(AC17=0,"",INDEX(PGR_REGRAS!$T:$T,AC17)) | AF17: =IF(AC17=0,"",INDEX(PGR_REGRAS!$I:$I,AC17)) | AG17: =IF(AC17=0,"",INDEX(PGR_REGRAS!$K:$K,AC17)) | AH17: =IF(AB17="","",IF(AB17>P_LMG_REF,"Sim","Não")) | AR17: =IF(C17="","",IFERROR(INDEX(RASTREADORES!$F:$F,MATCH(C17&"#Principal",RASTREADORES!$Y:$Y,0))&" ("&INDEX(RASTREADORES!$G:$G,MATCH(C17&"#Principal",RASTREADORES!$Y:$Y,0))&")","Sem rastreador principal")) | AS17: =IF(C17="","",IFERROR(INDEX(RASTREADORES!$H:$H,MATCH(C17&"#Principal",RASTREADORES!$Y:$Y,0)),"—")) | AT17: =IF(C17="","",IFERROR(INDEX(RASTREADORES!$A:$A,MATCH(C17&"#Redundante",RASTREADORES!$Y:$Y,0)),IFERROR(INDEX(RASTREADORES!$A:$A,MATCH(C17&"#Isca retornável",RASTREADORES!$Y:$Y,0)),IFERROR(INDEX(RASTREADORES!$A:$A,MATCH(C17&"#Isca descartável",RASTREADORES!$Y:$Y,0)),"Nenhum")))) | AU17: =IF(C17="","",IFERROR(INDEX(RASTREADORES!$L:$L,MATCH(C17&"#Principal",RASTREADORES!$Y:$Y,0)),"")) | AV17: =IF(C17="","",IF(COUNTIFS(ESPELHAMENTOS!$B$2:$B$2000,C17,ESPELHAMENTOS!$O$2:$O$2000,"Sim")>0,"Sim","Não")) | AW17: =IF(C17="","",COUNTIFS(ESPELHAMENTOS!$B$2:$B$2000,C17,ESPELHAMENTOS!$O$2:$O$2000,"Sim")) | AX17: =IF(C17="","",IF(COUNTIFS(ESPELHAMENTOS!$B$2:$B$2000,C17,ESPELHAMENTOS!$O$2:$O$2000,"Sim",ESPELHAMENTOS!$E$2:$E$2000,"GR transportadora")>0,"Sim","Não")) | AY17: =IF(OR(AQ17="",C17=""),"",IFERROR(ROUND((AQ17-SUMPRODUCT(MIN((ESPELHAMENTOS!$C$2:$C$2000=A17)*ESPELHAMENTOS!$H$2:$H$2000+(ESPELHAMENTOS!$C$2:$C$2000<>A17)*99999)))*24,1),"")) | AZ17: =IF(C17="","",IF(COUNTIFS(CHECKLISTS!$B$2:$B$2000,C17,CHECKLISTS!$AH$2:$AH$2000,"Válido",CHECKLISTS!$AG$2:$AG$2000,">="&INT(IF(AO17="",TODAY(),AO17)))+COUNTIFS(CHECKLISTS!$B$2:$B$2000,C17,CHECKLISTS!$AH$2:$AH$2000,"Vence <=7d",CHECKLISTS!$AG$2:$AG$2000,">="&INT(IF(AO17="",TODAY(),AO17)))>0,"Sim","Não")) | BA17: =IF(C17="","",IF(COUNTIFS(CHECKLISTS!$B$2:$B$2000,C17,CHECKLISTS!$AF$2:$AF$2000,"Aprovado")=0,"",SUMPRODUCT(MAX((CHECKLISTS!$B$2:$B$2000=C17)*CHECKLISTS!$AG$2:$AG$2000)))) | BB17: =IF(A17="","",IF(COUNTIFS(SMP!$B$2:$B$2000,A17,SMP!$I$2:$I$2000,"Liberada")+COUNTIFS(SMP!$B$2:$B$2000,A17,SMP!$I$2:$I$2000,"Em andamento")+COUNTIFS(SMP!$B$2:$B$2000,A17,SMP!$I$2:$I$2000,"Finalizada")>0,"Sim","Não")) | BC17: =IF(A17="","",IFERROR(INDEX(SMP!$A:$A,MATCH(A17,SMP!$B:$B,0)),"—")) | BD17: =IF(A17="","",IFERROR(INDEX(SMP!$I:$I,MATCH(A17,SMP!$B:$B,0)),"Não aberta")) | BE17: =IF(A17="","",IFERROR(INDEX(SMP!$D:$D,MATCH(A17,SMP!$B:$B,0)),"")) | BF17: =IF(A17="","",IF(COUNTIFS(AVERBACOES!$B$2:$B$2000,A17,AVERBACOES!$Q$2:$Q$2000,"Averbado completo")+COUNTIFS(AVERBACOES!$B$2:$B$2000,A17,AVERBACOES!$Q$2:$Q$2000,"Averbado CRT")+COUNTIFS(AVERBACOES!$B$2:$B$2000,A17,AVERBACOES!$Q$2:$Q$2000,"Averbado CT-e")+COUNTIFS(AVERBACOES!$B$2:$B$2000,A17,AVERBACOES!$Q$2:$Q$2000,"Averbado MDF-e")+COUNTIFS(AVERBACOES!$B$2:$B$2000,A17,AVERBACOES!$Q$2:$Q$2000,"Averbado pelo embarcador")>0,"Sim","Não")) | BG17: =IF(A17="","",IFERROR(INDEX(AVERBACOES!$L:$L,MATCH(A17,AVERBACOES!$B:$B,0)),"—")) | BM17: =IF(BL17="",0,VALUE(LEFT(BL17,2))) -> 0 | BN17: =IF(A17="","",IF(AP17<>"","Sim","Não")) | BO17: =IF(A17="","",IF(OR(BM17=8,BM17=9,BM17=10,BM17=11,BM17=15),"Sim","Não")) | BP17: =IF(A17="","",IF(AND(BM17>=12,BM17<=14),"Sim","Não")) | BQ17: =IF(A17="","",IF(OR(AND(BM17>=16,BM17<=20),BR17<>""),"Sim","Não")) | BS17: =IF(A17="","",IF(OR(BM17=18,BM17=19,BM17=20),"Sim","Não")) | BT17: =IF(C17="","",IF(BV17=0,"Sem posição registrada",IFERROR(INDEX(POSICOES!$E:$E,MATCH(C17&"#"&ROUND(BV17*1440,0),POSICOES!$R:$R,0)),"?"))) | BU17: =IF(OR(C17="",BV17=0),"",IFERROR(INDEX(POSICOES!$F:$F,MATCH(C17&"#"&ROUND(BV17*1440,0),POSICOES!$R:$R,0))&"/"&INDEX(POSICOES!$G:$G,MATCH(C17&"#"&ROUND(BV17*1440,0),POSICOES!$R:$R,0))&" - "&INDEX(POSICOES!$H:$H,MATCH(C17&"#"&ROUND(BV17*1440,0),POSICOES!$R:$R,0)),"")) | BV17: =IF(C17="",0,SUMPRODUCT(MAX((POSICOES!$C$2:$C$3000=C17)*POSICOES!$B$2:$B$3000))) -> 0 | BW17: =IF(OR(BV17=0,BM17=0,BM17>=20),"",ROUND((NOW()-BV17)*24,1)) | BX17: =IF(BW17="","",IF(BW17<P_SINAL_ALERTA,"Online",IF(BW17<P_SINAL_CRIT,"Sem sinal 1-4h","Sem sinal >4h"))) | CA17: =IF(A17="","",IF(COUNTIFS(FRONTEIRA!$B$2:$B$2000,A17,FRONTEIRA!$AA$2:$AA$2000,"Sim")=0,"",ROUND(SUMIFS(FRONTEIRA!$Y$2:$Y$2000,FRONTEIRA!$B$2:$B$2000,A17,FRONTEIRA!$AA$2:$AA$2000,"Sim"),1))) | CB17: =IF(A17="","",IFERROR(INDEX(FRONTEIRA!$L:$L,MATCH(A17,FRONTEIRA!$B:$B,0)),"")) | CC17: =IF(A17="","",IF(COUNTIFS(OCORRENCIAS!$B$2:$B$2000,A17,OCORRENCIAS!$Z$2:$Z$2000,"Sim")>0,"Sim","Não")) | CD17: =IF(A17="","",IF(AND(N17="Sim",Q17="Sim",OR(U17="Sim",U17="N/A"),V17="Sim",M17<>"Inapto",AZ17="Sim",AV17="Sim",BB17="Sim",BF17="Sim",OR(BK17="Sim",BK17="N/A"),OR(T17="",AB17="",AB17<=T17),OR(AH17<>"Sim",CE17="Sim")),"APTO","BLOQUEADO")) | CF17: =IF(N17<>"Sim","Motorista GR; ","")&IF(Q17<>"Sim","Motorista seguradora; ","")&IF(U17="Não","Motorista 2; ","")&IF(V17<>"Sim","Veículo GR; ","")&IF(M17="Inapto","Documentos do motorista; ","")&IF(AZ17<>"Sim","Checklist; ","")&IF(AV17<>"Sim","Espelhamento; ","")&IF(BB17<>"Sim","SMP; ","")&IF(BF17<>"Sim","Averbação; ","")&IF(BK17="Não","Docs internacionais; ","")&IF(AND(T17<>"",AB17<>"",AB17>T17),"Valor acima do perfil; ","")&IF(AND(AH17="Sim",CE17<>"Sim"),"Acima do LMG sem aprovação; ","") -> Motorista GR; Motorista seguradora; Veículo GR; Checklist; Espelhamento; SMP; Averbação; | CG17: =IF(A17="","",IF(CF17="","Nenhuma",LEFT(CF17,LEN(CF17)-2))) | CH17: =IF(A17="","",IF(AND(OR(BO17="Sim",BP17="Sim"),CD17="BLOQUEADO"),"Sim","Não")) | CI17: =IF(OR(C17="",BM17=0,BM17>=20),"Não",IF(B17=SUMPRODUCT(MAX((C$2:C$2000=C17)*(BM$2:BM$2000>0)*(BM$2:BM$2000<20)*B$2:B$2000)),"Sim","Não")) -> Não | CJ17: =IF(A17="","","Viagem "&A17&" - Placa "&C17&" - "&BL17&" - Local: "&BT17&" - Motorista: "&I17&" (GR: "&N17&"; Seguradora: "&Q17&") - Rastreador: "&AR17&" no "&AS17&" - Espelhado: "&AV17&" - Checklist: "&AZ17&" - SMP: "&BB17&" - Averbado: "&BF17&" - Apto: "&CD17&" - Pendencias: "&CG17) | CP17: =IF(OR(CN17="",BM17<7,BM17>=20),"",IF((NOW()-CN17)*24>P_ATUALIZ_MAX_H,"Sim","Não"))
F18: =IF(C18="","",IFERROR(INDEX(VEICULOS!$C:$C,MATCH(C18,VEICULOS!$A:$A,0)),"?")&IF(D18="",""," + "&IFERROR(INDEX(VEICULOS!$C:$C,MATCH(D18,VEICULOS!$A:$A,0)),"?"))&IF(E18="",""," + "&IFERROR(INDEX(VEICULOS!$C:$C,MATCH(E18,VEICULOS!$A:$A,0)),"?"))) | G18: =IF(C18="","",IFERROR(INDEX(VEICULOS!$I:$I,MATCH(C18,VEICULOS!$A:$A,0)),"Não cadastrado")) | I18: =IF(H18="","",IFERROR(INDEX(MOTORISTAS!$B:$B,MATCH(H18,MOTORISTAS!$A:$A,0)),"Não cadastrado")) | L18: =IF(K18="","",IFERROR(INDEX(MOTORISTAS!$B:$B,MATCH(K18,MOTORISTAS!$A:$A,0)),"Não cadastrado")) | M18: =IF(H18="","",IFERROR(INDEX(MOTORISTAS!$AA:$AA,MATCH(H18,MOTORISTAS!$A:$A,0)),"Não cadastrado")) | N18: =IF(H18="","",IF(COUNTIFS(CONSULTAS!$C$2:$C$2000,H18,CONSULTAS!$E$2:$E$2000,"GR",CONSULTAS!$S$2:$S$2000,"Sim")>0,"Sim","Não")) | O18: =IF(H18="","",IFERROR(INDEX(CONSULTAS!$L:$L,MATCH(H18&"#GR",CONSULTAS!$T:$T,0)),"—")) | P18: =IF(H18="","",IFERROR(INDEX(CONSULTAS!$Q:$Q,MATCH(H18&"#GR",CONSULTAS!$T:$T,0)),"")) | Q18: =IF(H18="","",IF(COUNTIFS(CONSULTAS!$C$2:$C$2000,H18,CONSULTAS!$E$2:$E$2000,"Seguradora",CONSULTAS!$S$2:$S$2000,"Sim")>0,"Sim","Não")) | R18: =IF(H18="","",IFERROR(INDEX(CONSULTAS!$L:$L,MATCH(H18&"#Seguradora",CONSULTAS!$T:$T,0)),"—")) | S18: =IF(H18="","",IFERROR(INDEX(CONSULTAS!$Q:$Q,MATCH(H18&"#Seguradora",CONSULTAS!$T:$T,0)),"")) | T18: =IF(H18="","",IFERROR(INDEX(CONSULTAS!$N:$N,MATCH(H18&"#GR",CONSULTAS!$T:$T,0)),"")) | U18: =IF(K18="","N/A",IF(AND(COUNTIFS(CONSULTAS!$C$2:$C$2000,K18,CONSULTAS!$E$2:$E$2000,"GR",CONSULTAS!$S$2:$S$2000,"Sim")>0,COUNTIFS(CONSULTAS!$C$2:$C$2000,K18,CONSULTAS!$E$2:$E$2000,"Seguradora",CONSULTAS!$S$2:$S$2000,"Sim")>0),"Sim","Não")) -> N/A | V18: =IF(C18="","",IFERROR(INDEX(VEICULOS!$X:$X,MATCH(C18,VEICULOS!$A:$A,0)),"Não")) | AB18: =IF(Z18="","",IF(AA18="USD",Z18*P_TAXA_USD,Z18)) | AC18: =IF(OR(Y18="",AB18=""),0,SUMPRODUCT((PGR_REGRAS!$C$2:$C$61=Y18)*(PGR_REGRAS!$D$2:$D$61<=AB18)*(PGR_REGRAS!$E$2:$E$61>=AB18)*(PGR_REGRAS!$C$2:$C$61<>"")*ROW(PGR_REGRAS!$C$2:$C$61))) -> 0 | AD18: =IF(AC18=0,IF(Y18="","","Sem regra - consultar seguradora"),INDEX(PGR_REGRAS!$A:$A,AC18)) | AE18: =IF(AC18=0,"",INDEX(PGR_REGRAS!$T:$T,AC18)) | AF18: =IF(AC18=0,"",INDEX(PGR_REGRAS!$I:$I,AC18)) | AG18: =IF(AC18=0,"",INDEX(PGR_REGRAS!$K:$K,AC18)) | AH18: =IF(AB18="","",IF(AB18>P_LMG_REF,"Sim","Não")) | AR18: =IF(C18="","",IFERROR(INDEX(RASTREADORES!$F:$F,MATCH(C18&"#Principal",RASTREADORES!$Y:$Y,0))&" ("&INDEX(RASTREADORES!$G:$G,MATCH(C18&"#Principal",RASTREADORES!$Y:$Y,0))&")","Sem rastreador principal")) | AS18: =IF(C18="","",IFERROR(INDEX(RASTREADORES!$H:$H,MATCH(C18&"#Principal",RASTREADORES!$Y:$Y,0)),"—")) | AT18: =IF(C18="","",IFERROR(INDEX(RASTREADORES!$A:$A,MATCH(C18&"#Redundante",RASTREADORES!$Y:$Y,0)),IFERROR(INDEX(RASTREADORES!$A:$A,MATCH(C18&"#Isca retornável",RASTREADORES!$Y:$Y,0)),IFERROR(INDEX(RASTREADORES!$A:$A,MATCH(C18&"#Isca descartável",RASTREADORES!$Y:$Y,0)),"Nenhum")))) | AU18: =IF(C18="","",IFERROR(INDEX(RASTREADORES!$L:$L,MATCH(C18&"#Principal",RASTREADORES!$Y:$Y,0)),"")) | AV18: =IF(C18="","",IF(COUNTIFS(ESPELHAMENTOS!$B$2:$B$2000,C18,ESPELHAMENTOS!$O$2:$O$2000,"Sim")>0,"Sim","Não")) | AW18: =IF(C18="","",COUNTIFS(ESPELHAMENTOS!$B$2:$B$2000,C18,ESPELHAMENTOS!$O$2:$O$2000,"Sim")) | AX18: =IF(C18="","",IF(COUNTIFS(ESPELHAMENTOS!$B$2:$B$2000,C18,ESPELHAMENTOS!$O$2:$O$2000,"Sim",ESPELHAMENTOS!$E$2:$E$2000,"GR transportadora")>0,"Sim","Não")) | AY18: =IF(OR(AQ18="",C18=""),"",IFERROR(ROUND((AQ18-SUMPRODUCT(MIN((ESPELHAMENTOS!$C$2:$C$2000=A18)*ESPELHAMENTOS!$H$2:$H$2000+(ESPELHAMENTOS!$C$2:$C$2000<>A18)*99999)))*24,1),"")) | AZ18: =IF(C18="","",IF(COUNTIFS(CHECKLISTS!$B$2:$B$2000,C18,CHECKLISTS!$AH$2:$AH$2000,"Válido",CHECKLISTS!$AG$2:$AG$2000,">="&INT(IF(AO18="",TODAY(),AO18)))+COUNTIFS(CHECKLISTS!$B$2:$B$2000,C18,CHECKLISTS!$AH$2:$AH$2000,"Vence <=7d",CHECKLISTS!$AG$2:$AG$2000,">="&INT(IF(AO18="",TODAY(),AO18)))>0,"Sim","Não")) | BA18: =IF(C18="","",IF(COUNTIFS(CHECKLISTS!$B$2:$B$2000,C18,CHECKLISTS!$AF$2:$AF$2000,"Aprovado")=0,"",SUMPRODUCT(MAX((CHECKLISTS!$B$2:$B$2000=C18)*CHECKLISTS!$AG$2:$AG$2000)))) | BB18: =IF(A18="","",IF(COUNTIFS(SMP!$B$2:$B$2000,A18,SMP!$I$2:$I$2000,"Liberada")+COUNTIFS(SMP!$B$2:$B$2000,A18,SMP!$I$2:$I$2000,"Em andamento")+COUNTIFS(SMP!$B$2:$B$2000,A18,SMP!$I$2:$I$2000,"Finalizada")>0,"Sim","Não")) | BC18: =IF(A18="","",IFERROR(INDEX(SMP!$A:$A,MATCH(A18,SMP!$B:$B,0)),"—")) | BD18: =IF(A18="","",IFERROR(INDEX(SMP!$I:$I,MATCH(A18,SMP!$B:$B,0)),"Não aberta")) | BE18: =IF(A18="","",IFERROR(INDEX(SMP!$D:$D,MATCH(A18,SMP!$B:$B,0)),"")) | BF18: =IF(A18="","",IF(COUNTIFS(AVERBACOES!$B$2:$B$2000,A18,AVERBACOES!$Q$2:$Q$2000,"Averbado completo")+COUNTIFS(AVERBACOES!$B$2:$B$2000,A18,AVERBACOES!$Q$2:$Q$2000,"Averbado CRT")+COUNTIFS(AVERBACOES!$B$2:$B$2000,A18,AVERBACOES!$Q$2:$Q$2000,"Averbado CT-e")+COUNTIFS(AVERBACOES!$B$2:$B$2000,A18,AVERBACOES!$Q$2:$Q$2000,"Averbado MDF-e")+COUNTIFS(AVERBACOES!$B$2:$B$2000,A18,AVERBACOES!$Q$2:$Q$2000,"Averbado pelo embarcador")>0,"Sim","Não")) | BG18: =IF(A18="","",IFERROR(INDEX(AVERBACOES!$L:$L,MATCH(A18,AVERBACOES!$B:$B,0)),"—")) | BM18: =IF(BL18="",0,VALUE(LEFT(BL18,2))) -> 0 | BN18: =IF(A18="","",IF(AP18<>"","Sim","Não")) | BO18: =IF(A18="","",IF(OR(BM18=8,BM18=9,BM18=10,BM18=11,BM18=15),"Sim","Não")) | BP18: =IF(A18="","",IF(AND(BM18>=12,BM18<=14),"Sim","Não")) | BQ18: =IF(A18="","",IF(OR(AND(BM18>=16,BM18<=20),BR18<>""),"Sim","Não")) | BS18: =IF(A18="","",IF(OR(BM18=18,BM18=19,BM18=20),"Sim","Não")) | BT18: =IF(C18="","",IF(BV18=0,"Sem posição registrada",IFERROR(INDEX(POSICOES!$E:$E,MATCH(C18&"#"&ROUND(BV18*1440,0),POSICOES!$R:$R,0)),"?"))) | BU18: =IF(OR(C18="",BV18=0),"",IFERROR(INDEX(POSICOES!$F:$F,MATCH(C18&"#"&ROUND(BV18*1440,0),POSICOES!$R:$R,0))&"/"&INDEX(POSICOES!$G:$G,MATCH(C18&"#"&ROUND(BV18*1440,0),POSICOES!$R:$R,0))&" - "&INDEX(POSICOES!$H:$H,MATCH(C18&"#"&ROUND(BV18*1440,0),POSICOES!$R:$R,0)),"")) | BV18: =IF(C18="",0,SUMPRODUCT(MAX((POSICOES!$C$2:$C$3000=C18)*POSICOES!$B$2:$B$3000))) -> 0 | BW18: =IF(OR(BV18=0,BM18=0,BM18>=20),"",ROUND((NOW()-BV18)*24,1)) | BX18: =IF(BW18="","",IF(BW18<P_SINAL_ALERTA,"Online",IF(BW18<P_SINAL_CRIT,"Sem sinal 1-4h","Sem sinal >4h"))) | CA18: =IF(A18="","",IF(COUNTIFS(FRONTEIRA!$B$2:$B$2000,A18,FRONTEIRA!$AA$2:$AA$2000,"Sim")=0,"",ROUND(SUMIFS(FRONTEIRA!$Y$2:$Y$2000,FRONTEIRA!$B$2:$B$2000,A18,FRONTEIRA!$AA$2:$AA$2000,"Sim"),1))) | CB18: =IF(A18="","",IFERROR(INDEX(FRONTEIRA!$L:$L,MATCH(A18,FRONTEIRA!$B:$B,0)),"")) | CC18: =IF(A18="","",IF(COUNTIFS(OCORRENCIAS!$B$2:$B$2000,A18,OCORRENCIAS!$Z$2:$Z$2000,"Sim")>0,"Sim","Não")) | CD18: =IF(A18="","",IF(AND(N18="Sim",Q18="Sim",OR(U18="Sim",U18="N/A"),V18="Sim",M18<>"Inapto",AZ18="Sim",AV18="Sim",BB18="Sim",BF18="Sim",OR(BK18="Sim",BK18="N/A"),OR(T18="",AB18="",AB18<=T18),OR(AH18<>"Sim",CE18="Sim")),"APTO","BLOQUEADO")) | CF18: =IF(N18<>"Sim","Motorista GR; ","")&IF(Q18<>"Sim","Motorista seguradora; ","")&IF(U18="Não","Motorista 2; ","")&IF(V18<>"Sim","Veículo GR; ","")&IF(M18="Inapto","Documentos do motorista; ","")&IF(AZ18<>"Sim","Checklist; ","")&IF(AV18<>"Sim","Espelhamento; ","")&IF(BB18<>"Sim","SMP; ","")&IF(BF18<>"Sim","Averbação; ","")&IF(BK18="Não","Docs internacionais; ","")&IF(AND(T18<>"",AB18<>"",AB18>T18),"Valor acima do perfil; ","")&IF(AND(AH18="Sim",CE18<>"Sim"),"Acima do LMG sem aprovação; ","") -> Motorista GR; Motorista seguradora; Veículo GR; Checklist; Espelhamento; SMP; Averbação; | CG18: =IF(A18="","",IF(CF18="","Nenhuma",LEFT(CF18,LEN(CF18)-2))) | CH18: =IF(A18="","",IF(AND(OR(BO18="Sim",BP18="Sim"),CD18="BLOQUEADO"),"Sim","Não")) | CI18: =IF(OR(C18="",BM18=0,BM18>=20),"Não",IF(B18=SUMPRODUCT(MAX((C$2:C$2000=C18)*(BM$2:BM$2000>0)*(BM$2:BM$2000<20)*B$2:B$2000)),"Sim","Não")) -> Não | CJ18: =IF(A18="","","Viagem "&A18&" - Placa "&C18&" - "&BL18&" - Local: "&BT18&" - Motorista: "&I18&" (GR: "&N18&"; Seguradora: "&Q18&") - Rastreador: "&AR18&" no "&AS18&" - Espelhado: "&AV18&" - Checklist: "&AZ18&" - SMP: "&BB18&" - Averbado: "&BF18&" - Apto: "&CD18&" - Pendencias: "&CG18) | CP18: =IF(OR(CN18="",BM18<7,BM18>=20),"",IF((NOW()-CN18)*24>P_ATUALIZ_MAX_H,"Sim","Não"))
... F401: =IF(C401="","",IFERROR(INDEX(VEICULOS!$C:$C,MATCH(C401,VEICULOS!$A:$A,0)),"?")&IF(D401="",""," + "&IFERROR(INDEX(VEICULOS!$C:$C,MATCH(D401,VEICULOS!$A:$A,0)),"?"))&IF(E401="",""," + "&IFERROR(INDEX(VEICULOS!$C:$C,MATCH(E401,VEICULOS!$A:$A,0)),"?"))) | G401: =IF(C401="","",IFERROR(INDEX(VEICULOS!$I:$I,MATCH(C401,VEICULOS!$A:$A,0)),"Não cadastrado")) | I401: =IF(H401="","",IFERROR(INDEX(MOTORISTAS!$B:$B,MATCH(H401,MOTORISTAS!$A:$A,0)),"Não cadastrado")) | L401: =IF(K401="","",IFERROR(INDEX(MOTORISTAS!$B:$B,MATCH(K401,MOTORISTAS!$A:$A,0)),"Não cadastrado")) | M401: =IF(H401="","",IFERROR(INDEX(MOTORISTAS!$AA:$AA,MATCH(H401,MOTORISTAS!$A:$A,0)),"Não cadastrado")) | N401: =IF(H401="","",IF(COUNTIFS(CONSULTAS!$C$2:$C$2000,H401,CONSULTAS!$E$2:$E$2000,"GR",CONSULTAS!$S$2:$S$2000,"Sim")>0,"Sim","Não")) | O401: =IF(H401="","",IFERROR(INDEX(CONSULTAS!$L:$L,MATCH(H401&"#GR",CONSULTAS!$T:$T,0)),"—")) | P401: =IF(H401="","",IFERROR(INDEX(CONSULTAS!$Q:$Q,MATCH(H401&"#GR",CONSULTAS!$T:$T,0)),"")) | Q401: =IF(H401="","",IF(COUNTIFS(CONSULTAS!$C$2:$C$2000,H401,CONSULTAS!$E$2:$E$2000,"Seguradora",CONSULTAS!$S$2:$S$2000,"Sim")>0,"Sim","Não")) | R401: =IF(H401="","",IFERROR(INDEX(CONSULTAS!$L:$L,MATCH(H401&"#Seguradora",CONSULTAS!$T:$T,0)),"—")) | S401: =IF(H401="","",IFERROR(INDEX(CONSULTAS!$Q:$Q,MATCH(H401&"#Seguradora",CONSULTAS!$T:$T,0)),"")) | T401: =IF(H401="","",IFERROR(INDEX(CONSULTAS!$N:$N,MATCH(H401&"#GR",CONSULTAS!$T:$T,0)),"")) | U401: =IF(K401="","N/A",IF(AND(COUNTIFS(CONSULTAS!$C$2:$C$2000,K401,CONSULTAS!$E$2:$E$2000,"GR",CONSULTAS!$S$2:$S$2000,"Sim")>0,COUNTIFS(CONSULTAS!$C$2:$C$2000,K401,CONSULTAS!$E$2:$E$2000,"Seguradora",CONSULTAS!$S$2:$S$2000,"Sim")>0),"Sim","Não")) -> N/A | V401: =IF(C401="","",IFERROR(INDEX(VEICULOS!$X:$X,MATCH(C401,VEICULOS!$A:$A,0)),"Não")) | AB401: =IF(Z401="","",IF(AA401="USD",Z401*P_TAXA_USD,Z401)) | AC401: =IF(OR(Y401="",AB401=""),0,SUMPRODUCT((PGR_REGRAS!$C$2:$C$61=Y401)*(PGR_REGRAS!$D$2:$D$61<=AB401)*(PGR_REGRAS!$E$2:$E$61>=AB401)*(PGR_REGRAS!$C$2:$C$61<>"")*ROW(PGR_REGRAS!$C$2:$C$61))) -> 0 | AD401: =IF(AC401=0,IF(Y401="","","Sem regra - consultar seguradora"),INDEX(PGR_REGRAS!$A:$A,AC401)) | AE401: =IF(AC401=0,"",INDEX(PGR_REGRAS!$T:$T,AC401)) | AF401: =IF(AC401=0,"",INDEX(PGR_REGRAS!$I:$I,AC401)) | AG401: =IF(AC401=0,"",INDEX(PGR_REGRAS!$K:$K,AC401)) | AH401: =IF(AB401="","",IF(AB401>P_LMG_REF,"Sim","Não")) | AR401: =IF(C401="","",IFERROR(INDEX(RASTREADORES!$F:$F,MATCH(C401&"#Principal",RASTREADORES!$Y:$Y,0))&" ("&INDEX(RASTREADORES!$G:$G,MATCH(C401&"#Principal",RASTREADORES!$Y:$Y,0))&")","Sem rastreador principal")) | AS401: =IF(C401="","",IFERROR(INDEX(RASTREADORES!$H:$H,MATCH(C401&"#Principal",RASTREADORES!$Y:$Y,0)),"—")) | AT401: =IF(C401="","",IFERROR(INDEX(RASTREADORES!$A:$A,MATCH(C401&"#Redundante",RASTREADORES!$Y:$Y,0)),IFERROR(INDEX(RASTREADORES!$A:$A,MATCH(C401&"#Isca retornável",RASTREADORES!$Y:$Y,0)),IFERROR(INDEX(RASTREADORES!$A:$A,MATCH(C401&"#Isca descartável",RASTREADORES!$Y:$Y,0)),"Nenhum")))) | AU401: =IF(C401="","",IFERROR(INDEX(RASTREADORES!$L:$L,MATCH(C401&"#Principal",RASTREADORES!$Y:$Y,0)),"")) | AV401: =IF(C401="","",IF(COUNTIFS(ESPELHAMENTOS!$B$2:$B$2000,C401,ESPELHAMENTOS!$O$2:$O$2000,"Sim")>0,"Sim","Não")) | AW401: =IF(C401="","",COUNTIFS(ESPELHAMENTOS!$B$2:$B$2000,C401,ESPELHAMENTOS!$O$2:$O$2000,"Sim")) | AX401: =IF(C401="","",IF(COUNTIFS(ESPELHAMENTOS!$B$2:$B$2000,C401,ESPELHAMENTOS!$O$2:$O$2000,"Sim",ESPELHAMENTOS!$E$2:$E$2000,"GR transportadora")>0,"Sim","Não")) | AY401: =IF(OR(AQ401="",C401=""),"",IFERROR(ROUND((AQ401-SUMPRODUCT(MIN((ESPELHAMENTOS!$C$2:$C$2000=A401)*ESPELHAMENTOS!$H$2:$H$2000+(ESPELHAMENTOS!$C$2:$C$2000<>A401)*99999)))*24,1),"")) | AZ401: =IF(C401="","",IF(COUNTIFS(CHECKLISTS!$B$2:$B$2000,C401,CHECKLISTS!$AH$2:$AH$2000,"Válido",CHECKLISTS!$AG$2:$AG$2000,">="&INT(IF(AO401="",TODAY(),AO401)))+COUNTIFS(CHECKLISTS!$B$2:$B$2000,C401,CHECKLISTS!$AH$2:$AH$2000,"Vence <=7d",CHECKLISTS!$AG$2:$AG$2000,">="&INT(IF(AO401="",TODAY(),AO401)))>0,"Sim","Não")) | BA401: =IF(C401="","",IF(COUNTIFS(CHECKLISTS!$B$2:$B$2000,C401,CHECKLISTS!$AF$2:$AF$2000,"Aprovado")=0,"",SUMPRODUCT(MAX((CHECKLISTS!$B$2:$B$2000=C401)*CHECKLISTS!$AG$2:$AG$2000)))) | BB401: =IF(A401="","",IF(COUNTIFS(SMP!$B$2:$B$2000,A401,SMP!$I$2:$I$2000,"Liberada")+COUNTIFS(SMP!$B$2:$B$2000,A401,SMP!$I$2:$I$2000,"Em andamento")+COUNTIFS(SMP!$B$2:$B$2000,A401,SMP!$I$2:$I$2000,"Finalizada")>0,"Sim","Não")) | BC401: =IF(A401="","",IFERROR(INDEX(SMP!$A:$A,MATCH(A401,SMP!$B:$B,0)),"—")) | BD401: =IF(A401="","",IFERROR(INDEX(SMP!$I:$I,MATCH(A401,SMP!$B:$B,0)),"Não aberta")) | BE401: =IF(A401="","",IFERROR(INDEX(SMP!$D:$D,MATCH(A401,SMP!$B:$B,0)),"")) | BF401: =IF(A401="","",IF(COUNTIFS(AVERBACOES!$B$2:$B$2000,A401,AVERBACOES!$Q$2:$Q$2000,"Averbado completo")+COUNTIFS(AVERBACOES!$B$2:$B$2000,A401,AVERBACOES!$Q$2:$Q$2000,"Averbado CRT")+COUNTIFS(AVERBACOES!$B$2:$B$2000,A401,AVERBACOES!$Q$2:$Q$2000,"Averbado CT-e")+COUNTIFS(AVERBACOES!$B$2:$B$2000,A401,AVERBACOES!$Q$2:$Q$2000,"Averbado MDF-e")+COUNTIFS(AVERBACOES!$B$2:$B$2000,A401,AVERBACOES!$Q$2:$Q$2000,"Averbado pelo embarcador")>0,"Sim","Não")) | BG401: =IF(A401="","",IFERROR(INDEX(AVERBACOES!$L:$L,MATCH(A401,AVERBACOES!$B:$B,0)),"—")) | BM401: =IF(BL401="",0,VALUE(LEFT(BL401,2))) -> 0 | BN401: =IF(A401="","",IF(AP401<>"","Sim","Não")) | BO401: =IF(A401="","",IF(OR(BM401=8,BM401=9,BM401=10,BM401=11,BM401=15),"Sim","Não")) | BP401: =IF(A401="","",IF(AND(BM401>=12,BM401<=14),"Sim","Não")) | BQ401: =IF(A401="","",IF(OR(AND(BM401>=16,BM401<=20),BR401<>""),"Sim","Não")) | BS401: =IF(A401="","",IF(OR(BM401=18,BM401=19,BM401=20),"Sim","Não")) | BT401: =IF(C401="","",IF(BV401=0,"Sem posição registrada",IFERROR(INDEX(POSICOES!$E:$E,MATCH(C401&"#"&ROUND(BV401*1440,0),POSICOES!$R:$R,0)),"?"))) | BU401: =IF(OR(C401="",BV401=0),"",IFERROR(INDEX(POSICOES!$F:$F,MATCH(C401&"#"&ROUND(BV401*1440,0),POSICOES!$R:$R,0))&"/"&INDEX(POSICOES!$G:$G,MATCH(C401&"#"&ROUND(BV401*1440,0),POSICOES!$R:$R,0))&" - "&INDEX(POSICOES!$H:$H,MATCH(C401&"#"&ROUND(BV401*1440,0),POSICOES!$R:$R,0)),"")) | BV401: =IF(C401="",0,SUMPRODUCT(MAX((POSICOES!$C$2:$C$3000=C401)*POSICOES!$B$2:$B$3000))) -> 0 | BW401: =IF(OR(BV401=0,BM401=0,BM401>=20),"",ROUND((NOW()-BV401)*24,1)) | BX401: =IF(BW401="","",IF(BW401<P_SINAL_ALERTA,"Online",IF(BW401<P_SINAL_CRIT,"Sem sinal 1-4h","Sem sinal >4h"))) | CA401: =IF(A401="","",IF(COUNTIFS(FRONTEIRA!$B$2:$B$2000,A401,FRONTEIRA!$AA$2:$AA$2000,"Sim")=0,"",ROUND(SUMIFS(FRONTEIRA!$Y$2:$Y$2000,FRONTEIRA!$B$2:$B$2000,A401,FRONTEIRA!$AA$2:$AA$2000,"Sim"),1))) | CB401: =IF(A401="","",IFERROR(INDEX(FRONTEIRA!$L:$L,MATCH(A401,FRONTEIRA!$B:$B,0)),"")) | CC401: =IF(A401="","",IF(COUNTIFS(OCORRENCIAS!$B$2:$B$2000,A401,OCORRENCIAS!$Z$2:$Z$2000,"Sim")>0,"Sim","Não")) | CD401: =IF(A401="","",IF(AND(N401="Sim",Q401="Sim",OR(U401="Sim",U401="N/A"),V401="Sim",M401<>"Inapto",AZ401="Sim",AV401="Sim",BB401="Sim",BF401="Sim",OR(BK401="Sim",BK401="N/A"),OR(T401="",AB401="",AB401<=T401),OR(AH401<>"Sim",CE401="Sim")),"APTO","BLOQUEADO")) | CF401: =IF(N401<>"Sim","Motorista GR; ","")&IF(Q401<>"Sim","Motorista seguradora; ","")&IF(U401="Não","Motorista 2; ","")&IF(V401<>"Sim","Veículo GR; ","")&IF(M401="Inapto","Documentos do motorista; ","")&IF(AZ401<>"Sim","Checklist; ","")&IF(AV401<>"Sim","Espelhamento; ","")&IF(BB401<>"Sim","SMP; ","")&IF(BF401<>"Sim","Averbação; ","")&IF(BK401="Não","Docs internacionais; ","")&IF(AND(T401<>"",AB401<>"",AB401>T401),"Valor acima do perfil; ","")&IF(AND(AH401="Sim",CE401<>"Sim"),"Acima do LMG sem aprovação; ","") -> Motorista GR; Motorista seguradora; Veículo GR; Checklist; Espelhamento; SMP; Averbação; | CG401: =IF(A401="","",IF(CF401="","Nenhuma",LEFT(CF401,LEN(CF401)-2))) | CH401: =IF(A401="","",IF(AND(OR(BO401="Sim",BP401="Sim"),CD401="BLOQUEADO"),"Sim","Não")) | CI401: =IF(OR(C401="",BM401=0,BM401>=20),"Não",IF(B401=SUMPRODUCT(MAX((C$2:C$2000=C401)*(BM$2:BM$2000>0)*(BM$2:BM$2000<20)*B$2:B$2000)),"Sim","Não")) -> Não | CJ401: =IF(A401="","","Viagem "&A401&" - Placa "&C401&" - "&BL401&" - Local: "&BT401&" - Motorista: "&I401&" (GR: "&N401&"; Seguradora: "&Q401&") - Rastreador: "&AR401&" no "&AS401&" - Espelhado: "&AV401&" - Checklist: "&AZ401&" - SMP: "&BB401&" - Averbado: "&BF401&" - Apto: "&CD401&" - Pendencias: "&CG401) | CP401: =IF(OR(CN401="",BM401<7,BM401>=20),"",IF((NOW()-CN401)*24>P_ATUALIZ_MAX_H,"Sim","Não"))

Sheet MOTORISTAS
A1: ID_MOTORISTA | B1: Nome | C1: Apelido | D1: Vínculo | E1: Nacionalidade | F1: Data admissão/contrato | G1: CNH categoria | H1: CNH validade | I1: CNH com EAR | J1: Toxicológico - data exame | K1: Toxicológico - vencimento | L1: MOPP | M1: MOPP validade | N1: Doc. viagem tipo | O1: Doc. viagem validade | P1: Treinamento PGR/macros - data | Q1: Login Autotrac | R1: Senha coação cadastrada | S1: Placa habitual | T1: Dias p/ vencer CNH | U1: Dias p/ vencer toxicológico | V1: Dias p/ vencer doc. viagem | W1: Validado GR | X1: Validado seguradora | Y1: Viagens últimos 12 meses | Z1: Ocorrências 12 meses | AA1: Status geral | AB1: Ativo | AC1: Observação | AD1: Última atualização
A2: MOT-001 | B2: João Carlos Pereira | C2: João | D2: Frota própria (CLT) | E2: BR | F2: 43164 | G2: E | H2: 47342 | I2: Sim | J2: 45524 | K2: =IF(J2="","",DATE(YEAR(J2),MONTH(J2),DAY(J2)+900)) -> 46424 | L2: Sim | M2: 46583 | N2: Passaporte | O2: 47917 | P2: 46082 | Q2: Sim | R2: Sim | S2: IYA3B21 | T2: =IF(H2="","",H2-TODAY()) -> 1052 | U2: =IF(K2="","",K2-TODAY()) -> 134 | V2: =IF(O2="","",O2-TODAY()) -> 1627 | W2: =IF(A2="","",IF(COUNTIFS(CONSULTAS!$C$2:$C$2000,A2,CONSULTAS!$E$2:$E$2000,"GR",CONSULTAS!$S$2:$S$2000,"Sim")>0,"Sim","Não")) -> Sim | X2: =IF(A2="","",IF(COUNTIFS(CONSULTAS!$C$2:$C$2000,A2,CONSULTAS!$E$2:$E$2000,"Seguradora",CONSULTAS!$S$2:$S$2000,"Sim")>0,"Sim","Não")) -> Sim | Y2: =IF(A2="","",COUNTIFS(FOLLOWUP!$H$2:$H$2000,A2,FOLLOWUP!$AO$2:$AO$2000,">="&(TODAY()-365))) -> 1 | Z2: =IF(A2="","",COUNTIFS(OCORRENCIAS!$D$2:$D$2000,A2,OCORRENCIAS!$E$2:$E$2000,">="&(TODAY()-365))) -> 0 | AA2: =IF(A2="","",IF(OR(H2="",T2<0,AND(K2<>"",U2<0),I2<>"Sim",W2="Não",X2="Não",AND(O2<>"",V2<0)),"Inapto",IF(OR(T2<=P_AVISO_VENC,AND(U2<>"",U2<=P_AVISO_VENC),AND(V2<>"",V2<=P_AVISO_VENC)),"Atenção","Apto"))) -> Apto | AB2: Sim
A3: MOT-002 | B3: Luis Alberto Fagundes | C3: Luis | D3: Frota própria (CLT) | E3: BR | F3: 43779 | G3: E | H3: 46315 | I3: Sim | J3: 45448 | K3: =IF(J3="","",DATE(YEAR(J3),MONTH(J3),DAY(J3)+900)) -> 46348 | L3: Sim | M3: 46438 | N3: Passaporte | O3: 47696 | P3: 46082 | Q3: Sim | R3: Sim | S3: IYD2E67 | T3: =IF(H3="","",H3-TODAY()) -> 25 | U3: =IF(K3="","",K3-TODAY()) -> 58 | V3: =IF(O3="","",O3-TODAY()) -> 1406 | W3: =IF(A3="","",IF(COUNTIFS(CONSULTAS!$C$2:$C$2000,A3,CONSULTAS!$E$2:$E$2000,"GR",CONSULTAS!$S$2:$S$2000,"Sim")>0,"Sim","Não")) -> Sim | X3: =IF(A3="","",IF(COUNTIFS(CONSULTAS!$C$2:$C$2000,A3,CONSULTAS!$E$2:$E$2000,"Seguradora",CONSULTAS!$S$2:$S$2000,"Sim")>0,"Sim","Não")) -> Sim | Y3: =IF(A3="","",COUNTIFS(FOLLOWUP!$H$2:$H$2000,A3,FOLLOWUP!$AO$2:$AO$2000,">="&(TODAY()-365))) -> 1 | Z3: =IF(A3="","",COUNTIFS(OCORRENCIAS!$D$2:$D$2000,A3,OCORRENCIAS!$E$2:$E$2000,">="&(TODAY()-365))) -> 1 | AA3: =IF(A3="","",IF(OR(H3="",T3<0,AND(K3<>"",U3<0),I3<>"Sim",W3="Não",X3="Não",AND(O3<>"",V3<0)),"Inapto",IF(OR(T3<=P_AVISO_VENC,AND(U3<>"",U3<=P_AVISO_VENC),AND(V3<>"",V3<=P_AVISO_VENC)),"Atenção","Apto"))) -> Apto | AB3: Sim
A4: MOT-003 | B4: Ricardo Alves Nunes | C4: Ricardo | D4: Agregado | E4: BR | F4: 44228 | G4: E | H4: 46906 | I4: Sim | J4: 45484 | K4: =IF(J4="","",DATE(YEAR(J4),MONTH(J4),DAY(J4)+900)) -> 46384 | L4: Sim | M4: 46660 | N4: RG | O4: 73050 | P4: 46113 | Q4: Sim | R4: Sim | S4: JAK2E88 | T4: =IF(H4="","",H4-TODAY()) -> 616 | U4: =IF(K4="","",K4-TODAY()) -> 94 | V4: =IF(O4="","",O4-TODAY()) -> 26760 | W4: =IF(A4="","",IF(COUNTIFS(CONSULTAS!$C$2:$C$2000,A4,CONSULTAS!$E$2:$E$2000,"GR",CONSULTAS!$S$2:$S$2000,"Sim")>0,"Sim","Não")) -> Sim | X4: =IF(A4="","",IF(COUNTIFS(CONSULTAS!$C$2:$C$2000,A4,CONSULTAS!$E$2:$E$2000,"Seguradora",CONSULTAS!$S$2:$S$2000,"Sim")>0,"Sim","Não")) -> Não | Y4: =IF(A4="","",COUNTIFS(FOLLOWUP!$H$2:$H$2000,A4,FOLLOWUP!$AO$2:$AO$2000,">="&(TODAY()-365))) -> 1 | Z4: =IF(A4="","",COUNTIFS(OCORRENCIAS!$D$2:$D$2000,A4,OCORRENCIAS!$E$2:$E$2000,">="&(TODAY()-365))) -> 0 | AA4: =IF(A4="","",IF(OR(H4="",T4<0,AND(K4<>"",U4<0),I4<>"Sim",W4="Não",X4="Não",AND(O4<>"",V4<0)),"Inapto",IF(OR(T4<=P_AVISO_VENC,AND(U4<>"",U4<=P_AVISO_VENC),AND(V4<>"",V4<=P_AVISO_VENC)),"Atenção","Apto"))) -> Inapto | AB4: Sim
A5: MOT-004 | B5: Marcelo Duarte Lima | C5: Marcelo | D5: Terceiro (TAC) | E5: BR | F5: 45672 | G5: E | H5: 46874 | I5: Sim | J5: 45366 | K5: =IF(J5="","",DATE(YEAR(J5),MONTH(J5),DAY(J5)+900)) -> 46266 | L5: Sim | M5: 46600 | N5: Passaporte | O5: 47529 | P5: 46285 | Q5: Não | R5: Não | T5: =IF(H5="","",H5-TODAY()) -> 584 | U5: =IF(K5="","",K5-TODAY()) -> -24 | V5: =IF(O5="","",O5-TODAY()) -> 1239 | W5: =IF(A5="","",IF(COUNTIFS(CONSULTAS!$C$2:$C$2000,A5,CONSULTAS!$E$2:$E$2000,"GR",CONSULTAS!$S$2:$S$2000,"Sim")>0,"Sim","Não")) -> Não | X5: =IF(A5="","",IF(COUNTIFS(CONSULTAS!$C$2:$C$2000,A5,CONSULTAS!$E$2:$E$2000,"Seguradora",CONSULTAS!$S$2:$S$2000,"Sim")>0,"Sim","Não")) -> Não | Y5: =IF(A5="","",COUNTIFS(FOLLOWUP!$H$2:$H$2000,A5,FOLLOWUP!$AO$2:$AO$2000,">="&(TODAY()-365))) -> 1 | Z5: =IF(A5="","",COUNTIFS(OCORRENCIAS!$D$2:$D$2000,A5,OCORRENCIAS!$E$2:$E$2000,">="&(TODAY()-365))) -> 0 | AA5: =IF(A5="","",IF(OR(H5="",T5<0,AND(K5<>"",U5<0),I5<>"Sim",W5="Não",X5="Não",AND(O5<>"",V5<0)),"Inapto",IF(OR(T5<=P_AVISO_VENC,AND(U5<>"",U5<=P_AVISO_VENC),AND(V5<>"",V5<=P_AVISO_VENC)),"Atenção","Apto"))) -> Inapto | AB5: Sim
A6: MOT-005 | B6: Sérgio Pinto Machado | C6: Sérgio | D6: Frota própria (CLT) | E6: BR | F6: 42541 | G6: E | H6: 47817 | I6: Sim | J6: 45667 | K6: =IF(J6="","",DATE(YEAR(J6),MONTH(J6),DAY(J6)+900)) -> 46567 | L6: Sim | M6: 46888 | N6: Passaporte | O6: 48344 | P6: 46082 | Q6: Sim | R6: Sim | S6: IYB5C34 | T6: =IF(H6="","",H6-TODAY()) -> 1527 | U6: =IF(K6="","",K6-TODAY()) -> 277 | V6: =IF(O6="","",O6-TODAY()) -> 2054 | W6: =IF(A6="","",IF(COUNTIFS(CONSULTAS!$C$2:$C$2000,A6,CONSULTAS!$E$2:$E$2000,"GR",CONSULTAS!$S$2:$S$2000,"Sim")>0,"Sim","Não")) -> Sim | X6: =IF(A6="","",IF(COUNTIFS(CONSULTAS!$C$2:$C$2000,A6,CONSULTAS!$E$2:$E$2000,"Seguradora",CONSULTAS!$S$2:$S$2000,"Sim")>0,"Sim","Não")) -> Sim | Y6: =IF(A6="","",COUNTIFS(FOLLOWUP!$H$2:$H$2000,A6,FOLLOWUP!$AO$2:$AO$2000,">="&(TODAY()-365))) -> 1 | Z6: =IF(A6="","",COUNTIFS(OCORRENCIAS!$D$2:$D$2000,A6,OCORRENCIAS!$E$2:$E$2000,">="&(TODAY()-365))) -> 0 | AA6: =IF(A6="","",IF(OR(H6="",T6<0,AND(K6<>"",U6<0),I6<>"Sim",W6="Não",X6="Não",AND(O6<>"",V6<0)),"Inapto",IF(OR(T6<=P_AVISO_VENC,AND(U6<>"",U6<=P_AVISO_VENC),AND(V6<>"",V6<=P_AVISO_VENC)),"Atenção","Apto"))) -> Apto | AB6: Sim
K7: =IF(J7="","",DATE(YEAR(J7),MONTH(J7),DAY(J7)+900)) | T7: =IF(H7="","",H7-TODAY()) | U7: =IF(K7="","",K7-TODAY()) | V7: =IF(O7="","",O7-TODAY()) | W7: =IF(A7="","",IF(COUNTIFS(CONSULTAS!$C$2:$C$2000,A7,CONSULTAS!$E$2:$E$2000,"GR",CONSULTAS!$S$2:$S$2000,"Sim")>0,"Sim","Não")) | X7: =IF(A7="","",IF(COUNTIFS(CONSULTAS!$C$2:$C$2000,A7,CONSULTAS!$E$2:$E$2000,"Seguradora",CONSULTAS!$S$2:$S$2000,"Sim")>0,"Sim","Não")) | Y7: =IF(A7="","",COUNTIFS(FOLLOWUP!$H$2:$H$2000,A7,FOLLOWUP!$AO$2:$AO$2000,">="&(TODAY()-365))) | Z7: =IF(A7="","",COUNTIFS(OCORRENCIAS!$D$2:$D$2000,A7,OCORRENCIAS!$E$2:$E$2000,">="&(TODAY()-365))) | AA7: =IF(A7="","",IF(OR(H7="",T7<0,AND(K7<>"",U7<0),I7<>"Sim",W7="Não",X7="Não",AND(O7<>"",V7<0)),"Inapto",IF(OR(T7<=P_AVISO_VENC,AND(U7<>"",U7<=P_AVISO_VENC),AND(V7<>"",V7<=P_AVISO_VENC)),"Atenção","Apto")))
K8: =IF(J8="","",DATE(YEAR(J8),MONTH(J8),DAY(J8)+900)) | T8: =IF(H8="","",H8-TODAY()) | U8: =IF(K8="","",K8-TODAY()) | V8: =IF(O8="","",O8-TODAY()) | W8: =IF(A8="","",IF(COUNTIFS(CONSULTAS!$C$2:$C$2000,A8,CONSULTAS!$E$2:$E$2000,"GR",CONSULTAS!$S$2:$S$2000,"Sim")>0,"Sim","Não")) | X8: =IF(A8="","",IF(COUNTIFS(CONSULTAS!$C$2:$C$2000,A8,CONSULTAS!$E$2:$E$2000,"Seguradora",CONSULTAS!$S$2:$S$2000,"Sim")>0,"Sim","Não")) | Y8: =IF(A8="","",COUNTIFS(FOLLOWUP!$H$2:$H$2000,A8,FOLLOWUP!$AO$2:$AO$2000,">="&(TODAY()-365))) | Z8: =IF(A8="","",COUNTIFS(OCORRENCIAS!$D$2:$D$2000,A8,OCORRENCIAS!$E$2:$E$2000,">="&(TODAY()-365))) | AA8: =IF(A8="","",IF(OR(H8="",T8<0,AND(K8<>"",U8<0),I8<>"Sim",W8="Não",X8="Não",AND(O8<>"",V8<0)),"Inapto",IF(OR(T8<=P_AVISO_VENC,AND(U8<>"",U8<=P_AVISO_VENC),AND(V8<>"",V8<=P_AVISO_VENC)),"Atenção","Apto")))
K9: =IF(J9="","",DATE(YEAR(J9),MONTH(J9),DAY(J9)+900)) | T9: =IF(H9="","",H9-TODAY()) | U9: =IF(K9="","",K9-TODAY()) | V9: =IF(O9="","",O9-TODAY()) | W9: =IF(A9="","",IF(COUNTIFS(CONSULTAS!$C$2:$C$2000,A9,CONSULTAS!$E$2:$E$2000,"GR",CONSULTAS!$S$2:$S$2000,"Sim")>0,"Sim","Não")) | X9: =IF(A9="","",IF(COUNTIFS(CONSULTAS!$C$2:$C$2000,A9,CONSULTAS!$E$2:$E$2000,"Seguradora",CONSULTAS!$S$2:$S$2000,"Sim")>0,"Sim","Não")) | Y9: =IF(A9="","",COUNTIFS(FOLLOWUP!$H$2:$H$2000,A9,FOLLOWUP!$AO$2:$AO$2000,">="&(TODAY()-365))) | Z9: =IF(A9="","",COUNTIFS(OCORRENCIAS!$D$2:$D$2000,A9,OCORRENCIAS!$E$2:$E$2000,">="&(TODAY()-365))) | AA9: =IF(A9="","",IF(OR(H9="",T9<0,AND(K9<>"",U9<0),I9<>"Sim",W9="Não",X9="Não",AND(O9<>"",V9<0)),"Inapto",IF(OR(T9<=P_AVISO_VENC,AND(U9<>"",U9<=P_AVISO_VENC),AND(V9<>"",V9<=P_AVISO_VENC)),"Atenção","Apto")))
K10: =IF(J10="","",DATE(YEAR(J10),MONTH(J10),DAY(J10)+900)) | T10: =IF(H10="","",H10-TODAY()) | U10: =IF(K10="","",K10-TODAY()) | V10: =IF(O10="","",O10-TODAY()) | W10: =IF(A10="","",IF(COUNTIFS(CONSULTAS!$C$2:$C$2000,A10,CONSULTAS!$E$2:$E$2000,"GR",CONSULTAS!$S$2:$S$2000,"Sim")>0,"Sim","Não")) | X10: =IF(A10="","",IF(COUNTIFS(CONSULTAS!$C$2:$C$2000,A10,CONSULTAS!$E$2:$E$2000,"Seguradora",CONSULTAS!$S$2:$S$2000,"Sim")>0,"Sim","Não")) | Y10: =IF(A10="","",COUNTIFS(FOLLOWUP!$H$2:$H$2000,A10,FOLLOWUP!$AO$2:$AO$2000,">="&(TODAY()-365))) | Z10: =IF(A10="","",COUNTIFS(OCORRENCIAS!$D$2:$D$2000,A10,OCORRENCIAS!$E$2:$E$2000,">="&(TODAY()-365))) | AA10: =IF(A10="","",IF(OR(H10="",T10<0,AND(K10<>"",U10<0),I10<>"Sim",W10="Não",X10="Não",AND(O10<>"",V10<0)),"Inapto",IF(OR(T10<=P_AVISO_VENC,AND(U10<>"",U10<=P_AVISO_VENC),AND(V10<>"",V10<=P_AVISO_VENC)),"Atenção","Apto")))
K11: =IF(J11="","",DATE(YEAR(J11),MONTH(J11),DAY(J11)+900)) | T11: =IF(H11="","",H11-TODAY()) | U11: =IF(K11="","",K11-TODAY()) | V11: =IF(O11="","",O11-TODAY()) | W11: =IF(A11="","",IF(COUNTIFS(CONSULTAS!$C$2:$C$2000,A11,CONSULTAS!$E$2:$E$2000,"GR",CONSULTAS!$S$2:$S$2000,"Sim")>0,"Sim","Não")) | X11: =IF(A11="","",IF(COUNTIFS(CONSULTAS!$C$2:$C$2000,A11,CONSULTAS!$E$2:$E$2000,"Seguradora",CONSULTAS!$S$2:$S$2000,"Sim")>0,"Sim","Não")) | Y11: =IF(A11="","",COUNTIFS(FOLLOWUP!$H$2:$H$2000,A11,FOLLOWUP!$AO$2:$AO$2000,">="&(TODAY()-365))) | Z11: =IF(A11="","",COUNTIFS(OCORRENCIAS!$D$2:$D$2000,A11,OCORRENCIAS!$E$2:$E$2000,">="&(TODAY()-365))) | AA11: =IF(A11="","",IF(OR(H11="",T11<0,AND(K11<>"",U11<0),I11<>"Sim",W11="Não",X11="Não",AND(O11<>"",V11<0)),"Inapto",IF(OR(T11<=P_AVISO_VENC,AND(U11<>"",U11<=P_AVISO_VENC),AND(V11<>"",V11<=P_AVISO_VENC)),"Atenção","Apto")))
K12: =IF(J12="","",DATE(YEAR(J12),MONTH(J12),DAY(J12)+900)) | T12: =IF(H12="","",H12-TODAY()) | U12: =IF(K12="","",K12-TODAY()) | V12: =IF(O12="","",O12-TODAY()) | W12: =IF(A12="","",IF(COUNTIFS(CONSULTAS!$C$2:$C$2000,A12,CONSULTAS!$E$2:$E$2000,"GR",CONSULTAS!$S$2:$S$2000,"Sim")>0,"Sim","Não")) | X12: =IF(A12="","",IF(COUNTIFS(CONSULTAS!$C$2:$C$2000,A12,CONSULTAS!$E$2:$E$2000,"Seguradora",CONSULTAS!$S$2:$S$2000,"Sim")>0,"Sim","Não")) | Y12: =IF(A12="","",COUNTIFS(FOLLOWUP!$H$2:$H$2000,A12,FOLLOWUP!$AO$2:$AO$2000,">="&(TODAY()-365))) | Z12: =IF(A12="","",COUNTIFS(OCORRENCIAS!$D$2:$D$2000,A12,OCORRENCIAS!$E$2:$E$2000,">="&(TODAY()-365))) | AA12: =IF(A12="","",IF(OR(H12="",T12<0,AND(K12<>"",U12<0),I12<>"Sim",W12="Não",X12="Não",AND(O12<>"",V12<0)),"Inapto",IF(OR(T12<=P_AVISO_VENC,AND(U12<>"",U12<=P_AVISO_VENC),AND(V12<>"",V12<=P_AVISO_VENC)),"Atenção","Apto")))
K13: =IF(J13="","",DATE(YEAR(J13),MONTH(J13),DAY(J13)+900)) | T13: =IF(H13="","",H13-TODAY()) | U13: =IF(K13="","",K13-TODAY()) | V13: =IF(O13="","",O13-TODAY()) | W13: =IF(A13="","",IF(COUNTIFS(CONSULTAS!$C$2:$C$2000,A13,CONSULTAS!$E$2:$E$2000,"GR",CONSULTAS!$S$2:$S$2000,"Sim")>0,"Sim","Não")) | X13: =IF(A13="","",IF(COUNTIFS(CONSULTAS!$C$2:$C$2000,A13,CONSULTAS!$E$2:$E$2000,"Seguradora",CONSULTAS!$S$2:$S$2000,"Sim")>0,"Sim","Não")) | Y13: =IF(A13="","",COUNTIFS(FOLLOWUP!$H$2:$H$2000,A13,FOLLOWUP!$AO$2:$AO$2000,">="&(TODAY()-365))) | Z13: =IF(A13="","",COUNTIFS(OCORRENCIAS!$D$2:$D$2000,A13,OCORRENCIAS!$E$2:$E$2000,">="&(TODAY()-365))) | AA13: =IF(A13="","",IF(OR(H13="",T13<0,AND(K13<>"",U13<0),I13<>"Sim",W13="Não",X13="Não",AND(O13<>"",V13<0)),"Inapto",IF(OR(T13<=P_AVISO_VENC,AND(U13<>"",U13<=P_AVISO_VENC),AND(V13<>"",V13<=P_AVISO_VENC)),"Atenção","Apto")))
K14: =IF(J14="","",DATE(YEAR(J14),MONTH(J14),DAY(J14)+900)) | T14: =IF(H14="","",H14-TODAY()) | U14: =IF(K14="","",K14-TODAY()) | V14: =IF(O14="","",O14-TODAY()) | W14: =IF(A14="","",IF(COUNTIFS(CONSULTAS!$C$2:$C$2000,A14,CONSULTAS!$E$2:$E$2000,"GR",CONSULTAS!$S$2:$S$2000,"Sim")>0,"Sim","Não")) | X14: =IF(A14="","",IF(COUNTIFS(CONSULTAS!$C$2:$C$2000,A14,CONSULTAS!$E$2:$E$2000,"Seguradora",CONSULTAS!$S$2:$S$2000,"Sim")>0,"Sim","Não")) | Y14: =IF(A14="","",COUNTIFS(FOLLOWUP!$H$2:$H$2000,A14,FOLLOWUP!$AO$2:$AO$2000,">="&(TODAY()-365))) | Z14: =IF(A14="","",COUNTIFS(OCORRENCIAS!$D$2:$D$2000,A14,OCORRENCIAS!$E$2:$E$2000,">="&(TODAY()-365))) | AA14: =IF(A14="","",IF(OR(H14="",T14<0,AND(K14<>"",U14<0),I14<>"Sim",W14="Não",X14="Não",AND(O14<>"",V14<0)),"Inapto",IF(OR(T14<=P_AVISO_VENC,AND(U14<>"",U14<=P_AVISO_VENC),AND(V14<>"",V14<=P_AVISO_VENC)),"Atenção","Apto")))
K15: =IF(J15="","",DATE(YEAR(J15),MONTH(J15),DAY(J15)+900)) | T15: =IF(H15="","",H15-TODAY()) | U15: =IF(K15="","",K15-TODAY()) | V15: =IF(O15="","",O15-TODAY()) | W15: =IF(A15="","",IF(COUNTIFS(CONSULTAS!$C$2:$C$2000,A15,CONSULTAS!$E$2:$E$2000,"GR",CONSULTAS!$S$2:$S$2000,"Sim")>0,"Sim","Não")) | X15: =IF(A15="","",IF(COUNTIFS(CONSULTAS!$C$2:$C$2000,A15,CONSULTAS!$E$2:$E$2000,"Seguradora",CONSULTAS!$S$2:$S$2000,"Sim")>0,"Sim","Não")) | Y15: =IF(A15="","",COUNTIFS(FOLLOWUP!$H$2:$H$2000,A15,FOLLOWUP!$AO$2:$AO$2000,">="&(TODAY()-365))) | Z15: =IF(A15="","",COUNTIFS(OCORRENCIAS!$D$2:$D$2000,A15,OCORRENCIAS!$E$2:$E$2000,">="&(TODAY()-365))) | AA15: =IF(A15="","",IF(OR(H15="",T15<0,AND(K15<>"",U15<0),I15<>"Sim",W15="Não",X15="Não",AND(O15<>"",V15<0)),"Inapto",IF(OR(T15<=P_AVISO_VENC,AND(U15<>"",U15<=P_AVISO_VENC),AND(V15<>"",V15<=P_AVISO_VENC)),"Atenção","Apto")))
K16: =IF(J16="","",DATE(YEAR(J16),MONTH(J16),DAY(J16)+900)) | T16: =IF(H16="","",H16-TODAY()) | U16: =IF(K16="","",K16-TODAY()) | V16: =IF(O16="","",O16-TODAY()) | W16: =IF(A16="","",IF(COUNTIFS(CONSULTAS!$C$2:$C$2000,A16,CONSULTAS!$E$2:$E$2000,"GR",CONSULTAS!$S$2:$S$2000,"Sim")>0,"Sim","Não")) | X16: =IF(A16="","",IF(COUNTIFS(CONSULTAS!$C$2:$C$2000,A16,CONSULTAS!$E$2:$E$2000,"Seguradora",CONSULTAS!$S$2:$S$2000,"Sim")>0,"Sim","Não")) | Y16: =IF(A16="","",COUNTIFS(FOLLOWUP!$H$2:$H$2000,A16,FOLLOWUP!$AO$2:$AO$2000,">="&(TODAY()-365))) | Z16: =IF(A16="","",COUNTIFS(OCORRENCIAS!$D$2:$D$2000,A16,OCORRENCIAS!$E$2:$E$2000,">="&(TODAY()-365))) | AA16: =IF(A16="","",IF(OR(H16="",T16<0,AND(K16<>"",U16<0),I16<>"Sim",W16="Não",X16="Não",AND(O16<>"",V16<0)),"Inapto",IF(OR(T16<=P_AVISO_VENC,AND(U16<>"",U16<=P_AVISO_VENC),AND(V16<>"",V16<=P_AVISO_VENC)),"Atenção","Apto")))
K17: =IF(J17="","",DATE(YEAR(J17),MONTH(J17),DAY(J17)+900)) | T17: =IF(H17="","",H17-TODAY()) | U17: =IF(K17="","",K17-TODAY()) | V17: =IF(O17="","",O17-TODAY()) | W17: =IF(A17="","",IF(COUNTIFS(CONSULTAS!$C$2:$C$2000,A17,CONSULTAS!$E$2:$E$2000,"GR",CONSULTAS!$S$2:$S$2000,"Sim")>0,"Sim","Não")) | X17: =IF(A17="","",IF(COUNTIFS(CONSULTAS!$C$2:$C$2000,A17,CONSULTAS!$E$2:$E$2000,"Seguradora",CONSULTAS!$S$2:$S$2000,"Sim")>0,"Sim","Não")) | Y17: =IF(A17="","",COUNTIFS(FOLLOWUP!$H$2:$H$2000,A17,FOLLOWUP!$AO$2:$AO$2000,">="&(TODAY()-365))) | Z17: =IF(A17="","",COUNTIFS(OCORRENCIAS!$D$2:$D$2000,A17,OCORRENCIAS!$E$2:$E$2000,">="&(TODAY()-365))) | AA17: =IF(A17="","",IF(OR(H17="",T17<0,AND(K17<>"",U17<0),I17<>"Sim",W17="Não",X17="Não",AND(O17<>"",V17<0)),"Inapto",IF(OR(T17<=P_AVISO_VENC,AND(U17<>"",U17<=P_AVISO_VENC),AND(V17<>"",V17<=P_AVISO_VENC)),"Atenção","Apto")))
K18: =IF(J18="","",DATE(YEAR(J18),MONTH(J18),DAY(J18)+900)) | T18: =IF(H18="","",H18-TODAY()) | U18: =IF(K18="","",K18-TODAY()) | V18: =IF(O18="","",O18-TODAY()) | W18: =IF(A18="","",IF(COUNTIFS(CONSULTAS!$C$2:$C$2000,A18,CONSULTAS!$E$2:$E$2000,"GR",CONSULTAS!$S$2:$S$2000,"Sim")>0,"Sim","Não")) | X18: =IF(A18="","",IF(COUNTIFS(CONSULTAS!$C$2:$C$2000,A18,CONSULTAS!$E$2:$E$2000,"Seguradora",CONSULTAS!$S$2:$S$2000,"Sim")>0,"Sim","Não")) | Y18: =IF(A18="","",COUNTIFS(FOLLOWUP!$H$2:$H$2000,A18,FOLLOWUP!$AO$2:$AO$2000,">="&(TODAY()-365))) | Z18: =IF(A18="","",COUNTIFS(OCORRENCIAS!$D$2:$D$2000,A18,OCORRENCIAS!$E$2:$E$2000,">="&(TODAY()-365))) | AA18: =IF(A18="","",IF(OR(H18="",T18<0,AND(K18<>"",U18<0),I18<>"Sim",W18="Não",X18="Não",AND(O18<>"",V18<0)),"Inapto",IF(OR(T18<=P_AVISO_VENC,AND(U18<>"",U18<=P_AVISO_VENC),AND(V18<>"",V18<=P_AVISO_VENC)),"Atenção","Apto")))
... K401: =IF(J401="","",DATE(YEAR(J401),MONTH(J401),DAY(J401)+900)) | T401: =IF(H401="","",H401-TODAY()) | U401: =IF(K401="","",K401-TODAY()) | V401: =IF(O401="","",O401-TODAY()) | W401: =IF(A401="","",IF(COUNTIFS(CONSULTAS!$C$2:$C$2000,A401,CONSULTAS!$E$2:$E$2000,"GR",CONSULTAS!$S$2:$S$2000,"Sim")>0,"Sim","Não")) | X401: =IF(A401="","",IF(COUNTIFS(CONSULTAS!$C$2:$C$2000,A401,CONSULTAS!$E$2:$E$2000,"Seguradora",CONSULTAS!$S$2:$S$2000,"Sim")>0,"Sim","Não")) | Y401: =IF(A401="","",COUNTIFS(FOLLOWUP!$H$2:$H$2000,A401,FOLLOWUP!$AO$2:$AO$2000,">="&(TODAY()-365))) | Z401: =IF(A401="","",COUNTIFS(OCORRENCIAS!$D$2:$D$2000,A401,OCORRENCIAS!$E$2:$E$2000,">="&(TODAY()-365))) | AA401: =IF(A401="","",IF(OR(H401="",T401<0,AND(K401<>"",U401<0),I401<>"Sim",W401="Não",X401="Não",AND(O401<>"",V401<0)),"Inapto",IF(OR(T401<=P_AVISO_VENC,AND(U401<>"",U401<=P_AVISO_VENC),AND(V401<>"",V401<=P_AVISO_VENC)),"Atenção","Apto")))

Sheet CONSULTAS
A1: ID_CONSULTA | B1: Tipo alvo | C1: ID alvo | D1: Nome/descrição alvo | E1: Entidade | F1: Nome entidade | G1: Tipo profissional | H1: Placa vinculada | I1: Data solicitação | J1: Data resultado | K1: Nº protocolo | L1: Nº liberação | M1: Resultado | N1: Valor máx. perfil (R$) | O1: ID_VIAGEM (terceiro) | P1: Validade (dias) | Q1: Vencimento | R1: Status auto | S1: Conta como válida | T1: Chave vigente (oculta) | U1: Observação | V1: Última atualização | W1: Atualizado por
A2: CON-0101 | B2: Motorista | C2: MOT-001 | D2: =IF(C2="","",IFERROR(INDEX(MOTORISTAS!$B:$B,MATCH(C2,MOTORISTAS!$A:$A,0)),IFERROR(INDEX(VEICULOS!$C:$C,MATCH(C2,VEICULOS!$A:$A,0)),"Não cadastrado"))) -> João Carlos Pereira | E2: GR | F2: A DEFINIR | G2: Funcionário | I2: 46055 | J2: 46055 | K2: PROT-558812 | L2: LIB-558812 | M2: Adequado-Liberado | N2: 1500000 | P2: =IF(A2="","",IF(G2="Funcionário",P_VAL_FUNC,IF(G2="Agregado",P_VAL_AGREG,P_VAL_TERC))) -> 365 | Q2: =IF(OR(J2="",M2<>"Adequado-Liberado"),"",J2+P2) -> 46420 | R2: =IF(A2="","",IF(M2<>"Adequado-Liberado",M2,IF(Q2<TODAY(),"Vencida",IF(Q2-TODAY()<=P_AVISO_VENC,"A vencer","Válida")))) -> Válida | S2: =IF(A2="","",IF(OR(R2="Válida",R2="A vencer"),"Sim","Não")) -> Sim | T2: =IF(S2<>"Sim","",C2&"#"&E2) -> MOT-001#GR
A3: CON-0102 | B3: Motorista | C3: MOT-001 | D3: =IF(C3="","",IFERROR(INDEX(MOTORISTAS!$B:$B,MATCH(C3,MOTORISTAS!$A:$A,0)),IFERROR(INDEX(VEICULOS!$C:$C,MATCH(C3,VEICULOS!$A:$A,0)),"Não cadastrado"))) -> João Carlos Pereira | E3: Seguradora | F3: A DEFINIR | G3: Funcionário | I3: 46055 | J3: 46055 | K3: PROT-99102 | L3: SEG-99102 | M3: Adequado-Liberado | P3: =IF(A3="","",IF(G3="Funcionário",P_VAL_FUNC,IF(G3="Agregado",P_VAL_AGREG,P_VAL_TERC))) -> 365 | Q3: =IF(OR(J3="",M3<>"Adequado-Liberado"),"",J3+P3) -> 46420 | R3: =IF(A3="","",IF(M3<>"Adequado-Liberado",M3,IF(Q3<TODAY(),"Vencida",IF(Q3-TODAY()<=P_AVISO_VENC,"A vencer","Válida")))) -> Válida | S3: =IF(A3="","",IF(OR(R3="Válida",R3="A vencer"),"Sim","Não")) -> Sim | T3: =IF(S3<>"Sim","",C3&"#"&E3) -> MOT-001#Seguradora
A4: CON-0110 | B4: Motorista | C4: MOT-002 | D4: =IF(C4="","",IFERROR(INDEX(MOTORISTAS!$B:$B,MATCH(C4,MOTORISTAS!$A:$A,0)),IFERROR(INDEX(VEICULOS!$C:$C,MATCH(C4,VEICULOS!$A:$A,0)),"Não cadastrado"))) -> Luis Alberto Fagundes | E4: GR | F4: A DEFINIR | G4: Funcionário | I4: 46091 | J4: 46091 | K4: PROT-570331 | L4: LIB-570331 | M4: Adequado-Liberado | N4: 1000000 | P4: =IF(A4="","",IF(G4="Funcionário",P_VAL_FUNC,IF(G4="Agregado",P_VAL_AGREG,P_VAL_TERC))) -> 365 | Q4: =IF(OR(J4="",M4<>"Adequado-Liberado"),"",J4+P4) -> 46456 | R4: =IF(A4="","",IF(M4<>"Adequado-Liberado",M4,IF(Q4<TODAY(),"Vencida",IF(Q4-TODAY()<=P_AVISO_VENC,"A vencer","Válida")))) -> Válida | S4: =IF(A4="","",IF(OR(R4="Válida",R4="A vencer"),"Sim","Não")) -> Sim | T4: =IF(S4<>"Sim","",C4&"#"&E4) -> MOT-002#GR
A5: CON-0111 | B5: Motorista | C5: MOT-002 | D5: =IF(C5="","",IFERROR(INDEX(MOTORISTAS!$B:$B,MATCH(C5,MOTORISTAS!$A:$A,0)),IFERROR(INDEX(VEICULOS!$C:$C,MATCH(C5,VEICULOS!$A:$A,0)),"Não cadastrado"))) -> Luis Alberto Fagundes | E5: Seguradora | F5: A DEFINIR | G5: Funcionário | I5: 46091 | J5: 46091 | K5: PROT-99240 | L5: SEG-99240 | M5: Adequado-Liberado | P5: =IF(A5="","",IF(G5="Funcionário",P_VAL_FUNC,IF(G5="Agregado",P_VAL_AGREG,P_VAL_TERC))) -> 365 | Q5: =IF(OR(J5="",M5<>"Adequado-Liberado"),"",J5+P5) -> 46456 | R5: =IF(A5="","",IF(M5<>"Adequado-Liberado",M5,IF(Q5<TODAY(),"Vencida",IF(Q5-TODAY()<=P_AVISO_VENC,"A vencer","Válida")))) -> Válida | S5: =IF(A5="","",IF(OR(R5="Válida",R5="A vencer"),"Sim","Não")) -> Sim | T5: =IF(S5<>"Sim","",C5&"#"&E5) -> MOT-002#Seguradora
A6: CON-0140 | B6: Motorista | C6: MOT-003 | D6: =IF(C6="","",IFERROR(INDEX(MOTORISTAS!$B:$B,MATCH(C6,MOTORISTAS!$A:$A,0)),IFERROR(INDEX(VEICULOS!$C:$C,MATCH(C6,VEICULOS!$A:$A,0)),"Não cadastrado"))) -> Ricardo Alves Nunes | E6: GR | F6: A DEFINIR | G6: Agregado | I6: 46117 | J6: 46117 | K6: PROT-601277 | L6: LIB-601277 | M6: Adequado-Liberado | N6: 500000 | P6: =IF(A6="","",IF(G6="Funcionário",P_VAL_FUNC,IF(G6="Agregado",P_VAL_AGREG,P_VAL_TERC))) -> 180 | Q6: =IF(OR(J6="",M6<>"Adequado-Liberado"),"",J6+P6) -> 46297 | R6: =IF(A6="","",IF(M6<>"Adequado-Liberado",M6,IF(Q6<TODAY(),"Vencida",IF(Q6-TODAY()<=P_AVISO_VENC,"A vencer","Válida")))) -> A vencer | S6: =IF(A6="","",IF(OR(R6="Válida",R6="A vencer"),"Sim","Não")) -> Sim | T6: =IF(S6<>"Sim","",C6&"#"&E6) -> MOT-003#GR
A7: CON-0141 | B7: Motorista | C7: MOT-003 | D7: =IF(C7="","",IFERROR(INDEX(MOTORISTAS!$B:$B,MATCH(C7,MOTORISTAS!$A:$A,0)),IFERROR(INDEX(VEICULOS!$C:$C,MATCH(C7,VEICULOS!$A:$A,0)),"Não cadastrado"))) -> Ricardo Alves Nunes | E7: Seguradora | F7: A DEFINIR | G7: Agregado | I7: 46285 | K7: PROT-620044 | M7: Em análise | P7: =IF(A7="","",IF(G7="Funcionário",P_VAL_FUNC,IF(G7="Agregado",P_VAL_AGREG,P_VAL_TERC))) -> 180 | Q7: =IF(OR(J7="",M7<>"Adequado-Liberado"),"",J7+P7) | R7: =IF(A7="","",IF(M7<>"Adequado-Liberado",M7,IF(Q7<TODAY(),"Vencida",IF(Q7-TODAY()<=P_AVISO_VENC,"A vencer","Válida")))) -> Em análise | S7: =IF(A7="","",IF(OR(R7="Válida",R7="A vencer"),"Sim","Não")) -> Não | T7: =IF(S7<>"Sim","",C7&"#"&E7)
A8: CON-0150 | B8: Motorista | C8: MOT-004 | D8: =IF(C8="","",IFERROR(INDEX(MOTORISTAS!$B:$B,MATCH(C8,MOTORISTAS!$A:$A,0)),IFERROR(INDEX(VEICULOS!$C:$C,MATCH(C8,VEICULOS!$A:$A,0)),"Não cadastrado"))) -> Marcelo Duarte Lima | E8: GR | F8: A DEFINIR | G8: Terceiro | I8: 45920 | J8: 45921 | K8: PROT-612090 | L8: LIB-612090 | M8: Adequado-Liberado | N8: 300000 | P8: =IF(A8="","",IF(G8="Funcionário",P_VAL_FUNC,IF(G8="Agregado",P_VAL_AGREG,P_VAL_TERC))) -> 1 | Q8: =IF(OR(J8="",M8<>"Adequado-Liberado"),"",J8+P8) -> 45922 | R8: =IF(A8="","",IF(M8<>"Adequado-Liberado",M8,IF(Q8<TODAY(),"Vencida",IF(Q8-TODAY()<=P_AVISO_VENC,"A vencer","Válida")))) -> Vencida | S8: =IF(A8="","",IF(OR(R8="Válida",R8="A vencer"),"Sim","Não")) -> Não | T8: =IF(S8<>"Sim","",C8&"#"&E8)
A9: CON-0120 | B9: Motorista | C9: MOT-005 | D9: =IF(C9="","",IFERROR(INDEX(MOTORISTAS!$B:$B,MATCH(C9,MOTORISTAS!$A:$A,0)),IFERROR(INDEX(VEICULOS!$C:$C,MATCH(C9,VEICULOS!$A:$A,0)),"Não cadastrado"))) -> Sérgio Pinto Machado | E9: GR | F9: A DEFINIR | G9: Funcionário | I9: 46037 | J9: 46037 | K9: PROT-551004 | L9: LIB-551004 | M9: Adequado-Liberado | N9: 1500000 | P9: =IF(A9="","",IF(G9="Funcionário",P_VAL_FUNC,IF(G9="Agregado",P_VAL_AGREG,P_VAL_TERC))) -> 365 | Q9: =IF(OR(J9="",M9<>"Adequado-Liberado"),"",J9+P9) -> 46402 | R9: =IF(A9="","",IF(M9<>"Adequado-Liberado",M9,IF(Q9<TODAY(),"Vencida",IF(Q9-TODAY()<=P_AVISO_VENC,"A vencer","Válida")))) -> Válida | S9: =IF(A9="","",IF(OR(R9="Válida",R9="A vencer"),"Sim","Não")) -> Sim | T9: =IF(S9<>"Sim","",C9&"#"&E9) -> MOT-005#GR
A10: CON-0121 | B10: Motorista | C10: MOT-005 | D10: =IF(C10="","",IFERROR(INDEX(MOTORISTAS!$B:$B,MATCH(C10,MOTORISTAS!$A:$A,0)),IFERROR(INDEX(VEICULOS!$C:$C,MATCH(C10,VEICULOS!$A:$A,0)),"Não cadastrado"))) -> Sérgio Pinto Machado | E10: Seguradora | F10: A DEFINIR | G10: Funcionário | I10: 46037 | J10: 46037 | K10: PROT-98870 | L10: SEG-98870 | M10: Adequado-Liberado | P10: =IF(A10="","",IF(G10="Funcionário",P_VAL_FUNC,IF(G10="Agregado",P_VAL_AGREG,P_VAL_TERC))) -> 365 | Q10: =IF(OR(J10="",M10<>"Adequado-Liberado"),"",J10+P10) -> 46402 | R10: =IF(A10="","",IF(M10<>"Adequado-Liberado",M10,IF(Q10<TODAY(),"Vencida",IF(Q10-TODAY()<=P_AVISO_VENC,"A vencer","Válida")))) -> Válida | S10: =IF(A10="","",IF(OR(R10="Válida",R10="A vencer"),"Sim","Não")) -> Sim | T10: =IF(S10<>"Sim","",C10&"#"&E10) -> MOT-005#Seguradora
A11: CON-0201 | B11: Veículo | C11: IYA3B21 | D11: =IF(C11="","",IFERROR(INDEX(MOTORISTAS!$B:$B,MATCH(C11,MOTORISTAS!$A:$A,0)),IFERROR(INDEX(VEICULOS!$C:$C,MATCH(C11,VEICULOS!$A:$A,0)),"Não cadastrado"))) -> Cavalo 6x2 | E11: GR | F11: A DEFINIR | G11: Funcionário | H11: IYA3B21 | I11: 46055 | J11: 46055 | K11: PROT-10021 | L11: VEI-10021 | M11: Adequado-Liberado | P11: =IF(A11="","",IF(G11="Funcionário",P_VAL_FUNC,IF(G11="Agregado",P_VAL_AGREG,P_VAL_TERC))) -> 365 | Q11: =IF(OR(J11="",M11<>"Adequado-Liberado"),"",J11+P11) -> 46420 | R11: =IF(A11="","",IF(M11<>"Adequado-Liberado",M11,IF(Q11<TODAY(),"Vencida",IF(Q11-TODAY()<=P_AVISO_VENC,"A vencer","Válida")))) -> Válida | S11: =IF(A11="","",IF(OR(R11="Válida",R11="A vencer"),"Sim","Não")) -> Sim | T11: =IF(S11<>"Sim","",C11&"#"&E11) -> IYA3B21#GR
A12: CON-0202 | B12: Veículo | C12: IYB5C34 | D12: =IF(C12="","",IFERROR(INDEX(MOTORISTAS!$B:$B,MATCH(C12,MOTORISTAS!$A:$A,0)),IFERROR(INDEX(VEICULOS!$C:$C,MATCH(C12,VEICULOS!$A:$A,0)),"Não cadastrado"))) -> Cavalo 6x4 | E12: GR | F12: A DEFINIR | G12: Funcionário | H12: IYB5C34 | I12: 46037 | J12: 46037 | K12: PROT-10022 | L12: VEI-10022 | M12: Adequado-Liberado | P12: =IF(A12="","",IF(G12="Funcionário",P_VAL_FUNC,IF(G12="Agregado",P_VAL_AGREG,P_VAL_TERC))) -> 365 | Q12: =IF(OR(J12="",M12<>"Adequado-Liberado"),"",J12+P12) -> 46402 | R12: =IF(A12="","",IF(M12<>"Adequado-Liberado",M12,IF(Q12<TODAY(),"Vencida",IF(Q12-TODAY()<=P_AVISO_VENC,"A vencer","Válida")))) -> Válida | S12: =IF(A12="","",IF(OR(R12="Válida",R12="A vencer"),"Sim","Não")) -> Sim | T12: =IF(S12<>"Sim","",C12&"#"&E12) -> IYB5C34#GR
A13: CON-0203 | B13: Veículo | C13: IYD2E67 | D13: =IF(C13="","",IFERROR(INDEX(MOTORISTAS!$B:$B,MATCH(C13,MOTORISTAS!$A:$A,0)),IFERROR(INDEX(VEICULOS!$C:$C,MATCH(C13,VEICULOS!$A:$A,0)),"Não cadastrado"))) -> Cavalo 6x2 | E13: GR | F13: A DEFINIR | G13: Funcionário | H13: IYD2E67 | I13: 46091 | J13: 46091 | K13: PROT-10023 | L13: VEI-10023 | M13: Adequado-Liberado | P13: =IF(A13="","",IF(G13="Funcionário",P_VAL_FUNC,IF(G13="Agregado",P_VAL_AGREG,P_VAL_TERC))) -> 365 | Q13: =IF(OR(J13="",M13<>"Adequado-Liberado"),"",J13+P13) -> 46456 | R13: =IF(A13="","",IF(M13<>"Adequado-Liberado",M13,IF(Q13<TODAY(),"Vencida",IF(Q13-TODAY()<=P_AVISO_VENC,"A vencer","Válida")))) -> Válida | S13: =IF(A13="","",IF(OR(R13="Válida",R13="A vencer"),"Sim","Não")) -> Sim | T13: =IF(S13<>"Sim","",C13&"#"&E13) -> IYD2E67#GR
A14: CON-0204 | B14: Veículo | C14: JAK2E88 | D14: =IF(C14="","",IFERROR(INDEX(MOTORISTAS!$B:$B,MATCH(C14,MOTORISTAS!$A:$A,0)),IFERROR(INDEX(VEICULOS!$C:$C,MATCH(C14,VEICULOS!$A:$A,0)),"Não cadastrado"))) -> Cavalo 6x4 | E14: GR | F14: A DEFINIR | G14: Agregado | H14: JAK2E88 | I14: 46204 | J14: 46204 | K14: PROT-10024 | L14: VEI-10024 | M14: Adequado-Liberado | P14: =IF(A14="","",IF(G14="Funcionário",P_VAL_FUNC,IF(G14="Agregado",P_VAL_AGREG,P_VAL_TERC))) -> 180 | Q14: =IF(OR(J14="",M14<>"Adequado-Liberado"),"",J14+P14) -> 46384 | R14: =IF(A14="","",IF(M14<>"Adequado-Liberado",M14,IF(Q14<TODAY(),"Vencida",IF(Q14-TODAY()<=P_AVISO_VENC,"A vencer","Válida")))) -> Válida | S14: =IF(A14="","",IF(OR(R14="Válida",R14="A vencer"),"Sim","Não")) -> Sim | T14: =IF(S14<>"Sim","",C14&"#"&E14) -> JAK2E88#GR
D15: =IF(C15="","",IFERROR(INDEX(MOTORISTAS!$B:$B,MATCH(C15,MOTORISTAS!$A:$A,0)),IFERROR(INDEX(VEICULOS!$C:$C,MATCH(C15,VEICULOS!$A:$A,0)),"Não cadastrado"))) | P15: =IF(A15="","",IF(G15="Funcionário",P_VAL_FUNC,IF(G15="Agregado",P_VAL_AGREG,P_VAL_TERC))) | Q15: =IF(OR(J15="",M15<>"Adequado-Liberado"),"",J15+P15) | R15: =IF(A15="","",IF(M15<>"Adequado-Liberado",M15,IF(Q15<TODAY(),"Vencida",IF(Q15-TODAY()<=P_AVISO_VENC,"A vencer","Válida")))) | S15: =IF(A15="","",IF(OR(R15="Válida",R15="A vencer"),"Sim","Não")) | T15: =IF(S15<>"Sim","",C15&"#"&E15)
D16: =IF(C16="","",IFERROR(INDEX(MOTORISTAS!$B:$B,MATCH(C16,MOTORISTAS!$A:$A,0)),IFERROR(INDEX(VEICULOS!$C:$C,MATCH(C16,VEICULOS!$A:$A,0)),"Não cadastrado"))) | P16: =IF(A16="","",IF(G16="Funcionário",P_VAL_FUNC,IF(G16="Agregado",P_VAL_AGREG,P_VAL_TERC))) | Q16: =IF(OR(J16="",M16<>"Adequado-Liberado"),"",J16+P16) | R16: =IF(A16="","",IF(M16<>"Adequado-Liberado",M16,IF(Q16<TODAY(),"Vencida",IF(Q16-TODAY()<=P_AVISO_VENC,"A vencer","Válida")))) | S16: =IF(A16="","",IF(OR(R16="Válida",R16="A vencer"),"Sim","Não")) | T16: =IF(S16<>"Sim","",C16&"#"&E16)
D17: =IF(C17="","",IFERROR(INDEX(MOTORISTAS!$B:$B,MATCH(C17,MOTORISTAS!$A:$A,0)),IFERROR(INDEX(VEICULOS!$C:$C,MATCH(C17,VEICULOS!$A:$A,0)),"Não cadastrado"))) | P17: =IF(A17="","",IF(G17="Funcionário",P_VAL_FUNC,IF(G17="Agregado",P_VAL_AGREG,P_VAL_TERC))) | Q17: =IF(OR(J17="",M17<>"Adequado-Liberado"),"",J17+P17) | R17: =IF(A17="","",IF(M17<>"Adequado-Liberado",M17,IF(Q17<TODAY(),"Vencida",IF(Q17-TODAY()<=P_AVISO_VENC,"A vencer","Válida")))) | S17: =IF(A17="","",IF(OR(R17="Válida",R17="A vencer"),"Sim","Não")) | T17: =IF(S17<>"Sim","",C17&"#"&E17)
D18: =IF(C18="","",IFERROR(INDEX(MOTORISTAS!$B:$B,MATCH(C18,MOTORISTAS!$A:$A,0)),IFERROR(INDEX(VEICULOS!$C:$C,MATCH(C18,VEICULOS!$A:$A,0)),"Não cadastrado"))) | P18: =IF(A18="","",IF(G18="Funcionário",P_VAL_FUNC,IF(G18="Agregado",P_VAL_AGREG,P_VAL_TERC))) | Q18: =IF(OR(J18="",M18<>"Adequado-Liberado"),"",J18+P18) | R18: =IF(A18="","",IF(M18<>"Adequado-Liberado",M18,IF(Q18<TODAY(),"Vencida",IF(Q18-TODAY()<=P_AVISO_VENC,"A vencer","Válida")))) | S18: =IF(A18="","",IF(OR(R18="Válida",R18="A vencer"),"Sim","Não")) | T18: =IF(S18<>"Sim","",C18&"#"&E18)
D19: =IF(C19="","",IFERROR(INDEX(MOTORISTAS!$B:$B,MATCH(C19,MOTORISTAS!$A:$A,0)),IFERROR(INDEX(VEICULOS!$C:$C,MATCH(C19,VEICULOS!$A:$A,0)),"Não cadastrado"))) | P19: =IF(A19="","",IF(G19="Funcionário",P_VAL_FUNC,IF(G19="Agregado",P_VAL_AGREG,P_VAL_TERC))) | Q19: =IF(OR(J19="",M19<>"Adequado-Liberado"),"",J19+P19) | R19: =IF(A19="","",IF(M19<>"Adequado-Liberado",M19,IF(Q19<TODAY(),"Vencida",IF(Q19-TODAY()<=P_AVISO_VENC,"A vencer","Válida")))) | S19: =IF(A19="","",IF(OR(R19="Válida",R19="A vencer"),"Sim","Não")) | T19: =IF(S19<>"Sim","",C19&"#"&E19)
D20: =IF(C20="","",IFERROR(INDEX(MOTORISTAS!$B:$B,MATCH(C20,MOTORISTAS!$A:$A,0)),IFERROR(INDEX(VEICULOS!$C:$C,MATCH(C20,VEICULOS!$A:$A,0)),"Não cadastrado"))) | P20: =IF(A20="","",IF(G20="Funcionário",P_VAL_FUNC,IF(G20="Agregado",P_VAL_AGREG,P_VAL_TERC))) | Q20: =IF(OR(J20="",M20<>"Adequado-Liberado"),"",J20+P20) | R20: =IF(A20="","",IF(M20<>"Adequado-Liberado",M20,IF(Q20<TODAY(),"Vencida",IF(Q20-TODAY()<=P_AVISO_VENC,"A vencer","Válida")))) | S20: =IF(A20="","",IF(OR(R20="Válida",R20="A vencer"),"Sim","Não")) | T20: =IF(S20<>"Sim","",C20&"#"&E20)
D21: =IF(C21="","",IFERROR(INDEX(MOTORISTAS!$B:$B,MATCH(C21,MOTORISTAS!$A:$A,0)),IFERROR(INDEX(VEICULOS!$C:$C,MATCH(C21,VEICULOS!$A:$A,0)),"Não cadastrado"))) | P21: =IF(A21="","",IF(G21="Funcionário",P_VAL_FUNC,IF(G21="Agregado",P_VAL_AGREG,P_VAL_TERC))) | Q21: =IF(OR(J21="",M21<>"Adequado-Liberado"),"",J21+P21) | R21: =IF(A21="","",IF(M21<>"Adequado-Liberado",M21,IF(Q21<TODAY(),"Vencida",IF(Q21-TODAY()<=P_AVISO_VENC,"A vencer","Válida")))) | S21: =IF(A21="","",IF(OR(R21="Válida",R21="A vencer"),"Sim","Não")) | T21: =IF(S21<>"Sim","",C21&"#"&E21)
D22: =IF(C22="","",IFERROR(INDEX(MOTORISTAS!$B:$B,MATCH(C22,MOTORISTAS!$A:$A,0)),IFERROR(INDEX(VEICULOS!$C:$C,MATCH(C22,VEICULOS!$A:$A,0)),"Não cadastrado"))) | P22: =IF(A22="","",IF(G22="Funcionário",P_VAL_FUNC,IF(G22="Agregado",P_VAL_AGREG,P_VAL_TERC))) | Q22: =IF(OR(J22="",M22<>"Adequado-Liberado"),"",J22+P22) | R22: =IF(A22="","",IF(M22<>"Adequado-Liberado",M22,IF(Q22<TODAY(),"Vencida",IF(Q22-TODAY()<=P_AVISO_VENC,"A vencer","Válida")))) | S22: =IF(A22="","",IF(OR(R22="Válida",R22="A vencer"),"Sim","Não")) | T22: =IF(S22<>"Sim","",C22&"#"&E22)
D23: =IF(C23="","",IFERROR(INDEX(MOTORISTAS!$B:$B,MATCH(C23,MOTORISTAS!$A:$A,0)),IFERROR(INDEX(VEICULOS!$C:$C,MATCH(C23,VEICULOS!$A:$A,0)),"Não cadastrado"))) | P23: =IF(A23="","",IF(G23="Funcionário",P_VAL_FUNC,IF(G23="Agregado",P_VAL_AGREG,P_VAL_TERC))) | Q23: =IF(OR(J23="",M23<>"Adequado-Liberado"),"",J23+P23) | R23: =IF(A23="","",IF(M23<>"Adequado-Liberado",M23,IF(Q23<TODAY(),"Vencida",IF(Q23-TODAY()<=P_AVISO_VENC,"A vencer","Válida")))) | S23: =IF(A23="","",IF(OR(R23="Válida",R23="A vencer"),"Sim","Não")) | T23: =IF(S23<>"Sim","",C23&"#"&E23)
D24: =IF(C24="","",IFERROR(INDEX(MOTORISTAS!$B:$B,MATCH(C24,MOTORISTAS!$A:$A,0)),IFERROR(INDEX(VEICULOS!$C:$C,MATCH(C24,VEICULOS!$A:$A,0)),"Não cadastrado"))) | P24: =IF(A24="","",IF(G24="Funcionário",P_VAL_FUNC,IF(G24="Agregado",P_VAL_AGREG,P_VAL_TERC))) | Q24: =IF(OR(J24="",M24<>"Adequado-Liberado"),"",J24+P24) | R24: =IF(A24="","",IF(M24<>"Adequado-Liberado",M24,IF(Q24<TODAY(),"Vencida",IF(Q24-TODAY()<=P_AVISO_VENC,"A vencer","Válida")))) | S24: =IF(A24="","",IF(OR(R24="Válida",R24="A vencer"),"Sim","Não")) | T24: =IF(S24<>"Sim","",C24&"#"&E24)
D25: =IF(C25="","",IFERROR(INDEX(MOTORISTAS!$B:$B,MATCH(C25,MOTORISTAS!$A:$A,0)),IFERROR(INDEX(VEICULOS!$C:$C,MATCH(C25,VEICULOS!$A:$A,0)),"Não cadastrado"))) | P25: =IF(A25="","",IF(G25="Funcionário",P_VAL_FUNC,IF(G25="Agregado",P_VAL_AGREG,P_VAL_TERC))) | Q25: =IF(OR(J25="",M25<>"Adequado-Liberado"),"",J25+P25) | R25: =IF(A25="","",IF(M25<>"Adequado-Liberado",M25,IF(Q25<TODAY(),"Vencida",IF(Q25-TODAY()<=P_AVISO_VENC,"A vencer","Válida")))) | S25: =IF(A25="","",IF(OR(R25="Válida",R25="A vencer"),"Sim","Não")) | T25: =IF(S25<>"Sim","",C25&"#"&E25)
D26: =IF(C26="","",IFERROR(INDEX(MOTORISTAS!$B:$B,MATCH(C26,MOTORISTAS!$A:$A,0)),IFERROR(INDEX(VEICULOS!$C:$C,MATCH(C26,VEICULOS!$A:$A,0)),"Não cadastrado"))) | P26: =IF(A26="","",IF(G26="Funcionário",P_VAL_FUNC,IF(G26="Agregado",P_VAL_AGREG,P_VAL_TERC))) | Q26: =IF(OR(J26="",M26<>"Adequado-Liberado"),"",J26+P26) | R26: =IF(A26="","",IF(M26<>"Adequado-Liberado",M26,IF(Q26<TODAY(),"Vencida",IF(Q26-TODAY()<=P_AVISO_VENC,"A vencer","Válida")))) | S26: =IF(A26="","",IF(OR(R26="Válida",R26="A vencer"),"Sim","Não")) | T26: =IF(S26<>"Sim","",C26&"#"&E26)
... D401: =IF(C401="","",IFERROR(INDEX(MOTORISTAS!$B:$B,MATCH(C401,MOTORISTAS!$A:$A,0)),IFERROR(INDEX(VEICULOS!$C:$C,MATCH(C401,VEICULOS!$A:$A,0)),"Não cadastrado"))) | P401: =IF(A401="","",IF(G401="Funcionário",P_VAL_FUNC,IF(G401="Agregado",P_VAL_AGREG,P_VAL_TERC))) | Q401: =IF(OR(J401="",M401<>"Adequado-Liberado"),"",J401+P401) | R401: =IF(A401="","",IF(M401<>"Adequado-Liberado",M401,IF(Q401<TODAY(),"Vencida",IF(Q401-TODAY()<=P_AVISO_VENC,"A vencer","Válida")))) | S401: =IF(A401="","",IF(OR(R401="Válida",R401="A vencer"),"Sim","Não")) | T401: =IF(S401<>"Sim","",C401&"#"&E401)

Sheet VEICULOS
